PERIOD,Species,Country,VALUE,Mean SST,Min SST,Max SST
2003,Marine fishes nei,Cambodia,33228.693,29.600625,28.44,31.8
2003,Stolephorus anchovies nei,Indonesia,60188.0,29.16412372807473,22.18,33.98
2003,Stolephorus anchovies nei,Indonesia,100953.0,29.16412372807473,22.18,33.98
2003,Kawakawa,Indonesia,20705.0,29.16412372807473,22.18,33.98
2003,Kawakawa,Indonesia,163159.0,29.16412372807473,22.18,33.98
2003,Skipjack tuna,Indonesia,40386.0,29.16412372807473,22.18,33.98
2003,Skipjack tuna,Indonesia,198580.0,29.16412372807473,22.18,33.98
2003,Yellowfin tuna,Indonesia,30781.0,29.16412372807473,22.18,33.98
2003,Yellowfin tuna,Indonesia,95730.0,29.16412372807473,22.18,33.98
2003,Scads nei,Indonesia,36932.0,29.16412372807473,22.18,33.98
2003,Scads nei,Indonesia,261005.0,29.16412372807473,22.18,33.98
2003,Short mackerel,Indonesia,65787.0,29.16412372807473,22.18,33.98
2003,Short mackerel,Indonesia,128640.0,29.16412372807473,22.18,33.98
2003,Marine fishes nei,Indonesia,61071.0,29.16412372807473,22.18,33.98
2003,Marine fishes nei,Indonesia,698045.0,29.16412372807473,22.18,33.98
2003,Common squids nei,Indonesia,9090.0,29.16412372807473,22.18,33.98
2003,Common squids nei,Indonesia,42392.0,29.16412372807473,22.18,33.98
2003,Stolephorus anchovies nei,Malaysia,10334.0,29.60019708789996,25.24,33.83
2003,Stolephorus anchovies nei,Malaysia,9985.0,29.60019708789996,25.24,33.83
2003,Kawakawa,Malaysia,819.0,29.60019708789996,25.24,33.83
2003,Kawakawa,Malaysia,12256.0,29.60019708789996,25.24,33.83
2003,Skipjack tuna,Malaysia,0.0,29.60019708789996,25.24,33.83
2003,Skipjack tuna,Malaysia,0.0,29.60019708789996,25.24,33.83
2003,Yellowfin tuna,Malaysia,0.0,29.60019708789996,25.24,33.83
2003,Yellowfin tuna,Malaysia,526.0,29.60019708789996,25.24,33.83
2003,Yellowfin tuna,Malaysia,0.0,29.60019708789996,25.24,33.83
2003,Indian mackerels nei,Malaysia,87995.0,29.60019708789996,25.24,33.83
2003,Indian mackerels nei,Malaysia,36863.0,29.60019708789996,25.24,33.83
2003,Marine fishes nei,Malaysia,213405.0,29.60019708789996,25.24,33.83
2003,Marine fishes nei,Malaysia,232205.0,29.60019708789996,25.24,33.83
2003,Marine fishes nei,Myanmar,1030720.0,28.61448410939165,25.09,31.8
2003,Sardinellas nei,Philippines,242968.0,28.555942693711497,23.06,33.54
2003,Stolephorus anchovies nei,Philippines,71101.0,28.555942693711497,23.06,33.54
2003,Kawakawa,Philippines,38675.0,28.555942693711497,23.06,33.54
2003,Skipjack tuna,Philippines,0.0,28.555942693711497,23.06,33.54
2003,Skipjack tuna,Philippines,0.0,28.555942693711497,23.06,33.54
2003,Skipjack tuna,Philippines,152740.0,28.555942693711497,23.06,33.54
2003,Yellowfin tuna,Philippines,58.0,28.555942693711497,23.06,33.54
2003,Yellowfin tuna,Philippines,0.0,28.555942693711497,23.06,33.54
2003,Yellowfin tuna,Philippines,86.0,28.555942693711497,23.06,33.54
2003,Yellowfin tuna,Philippines,9.0,28.555942693711497,23.06,33.54
2003,Yellowfin tuna,Philippines,1579.0,28.555942693711497,23.06,33.54
2003,Yellowfin tuna,Philippines,60.0,28.555942693711497,23.06,33.54
2003,Yellowfin tuna,Philippines,125767.0,28.555942693711497,23.06,33.54
2003,Scads nei,Philippines,312738.0,28.555942693711497,23.06,33.54
2003,Short mackerel,Philippines,38294.0,28.555942693711497,23.06,33.54
2003,Marine fishes nei,Philippines,12.0,28.555942693711497,23.06,33.54
2003,Marine fishes nei,Philippines,1.0,28.555942693711497,23.06,33.54
2003,Marine fishes nei,Philippines,14725.0,28.555942693711497,23.06,33.54
2003,Common squids nei,Philippines,53100.0,28.555942693711497,23.06,33.54
2003,Skipjack tuna,Singapore,4.0,29.96569444444445,27.43,33.11
2003,Scads nei,Singapore,65.0,29.96569444444445,27.43,33.11
2003,Indian mackerels nei,Singapore,27.0,29.96569444444445,27.43,33.11
2003,Marine fishes nei,Singapore,707.0,29.96569444444445,27.43,33.11
2003,Common squids nei,Singapore,135.0,29.96569444444445,27.43,33.11
2003,Sardinellas nei,Thailand,15520.0,29.64227284012213,26.84,35.0
2003,Sardinellas nei,Thailand,109399.0,29.64227284012213,26.84,35.0
2003,Kawakawa,Thailand,7089.0,29.64227284012213,26.84,35.0
2003,Kawakawa,Thailand,22016.0,29.64227284012213,26.84,35.0
2003,Skipjack tuna,Thailand,0.0,29.64227284012213,26.84,35.0
2003,Skipjack tuna,Thailand,0.0,29.64227284012213,26.84,35.0
2003,Yellowfin tuna,Thailand,2.0,29.64227284012213,26.84,35.0
2003,Yellowfin tuna,Thailand,66.0,29.64227284012213,26.84,35.0
2003,Indian mackerels nei,Thailand,43744.0,29.64227284012213,26.84,35.0
2003,Indian mackerels nei,Thailand,112479.0,29.64227284012213,26.84,35.0
2003,Marine fishes nei,Thailand,0.0,29.64227284012213,26.84,35.0
2003,Marine fishes nei,Thailand,352288.0,29.64227284012213,26.84,35.0
2003,Marine fishes nei,Thailand,611861.0,29.64227284012213,26.84,35.0
2003,Common squids nei,Thailand,14884.0,29.64227284012213,26.84,35.0
2003,Common squids nei,Thailand,65578.0,29.64227284012213,26.84,35.0
2004,Marine fishes nei,Cambodia,34319.544,29.4184375,27.86,32.09
2004,Stolephorus anchovies nei,Indonesia,41562.0,29.135868737165392,23.64,33.69
2004,Stolephorus anchovies nei,Indonesia,113249.0,29.135868737165392,23.64,33.69
2004,Kawakawa,Indonesia,24395.0,29.135868737165392,23.64,33.69
2004,Kawakawa,Indonesia,84134.0,29.135868737165392,23.64,33.69
2004,Skipjack tuna,Indonesia,47353.0,29.135868737165392,23.64,33.69
2004,Skipjack tuna,Indonesia,261456.0,29.135868737165392,23.64,33.69
2004,Yellowfin tuna,Indonesia,30389.0,29.135868737165392,23.64,33.69
2004,Yellowfin tuna,Indonesia,126040.0,29.135868737165392,23.64,33.69
2004,Scads nei,Indonesia,33112.0,29.135868737165392,23.64,33.69
2004,Scads nei,Indonesia,292075.0,29.135868737165392,23.64,33.69
2004,Short mackerel,Indonesia,56630.0,29.135868737165392,23.64,33.69
2004,Short mackerel,Indonesia,145252.0,29.135868737165392,23.64,33.69
2004,Marine fishes nei,Indonesia,237000.0,29.135868737165392,23.64,33.69
2004,Marine fishes nei,Indonesia,542690.0,29.135868737165392,23.64,33.69
2004,Common squids nei,Indonesia,8454.0,29.135868737165392,23.64,33.69
2004,Common squids nei,Indonesia,60903.0,29.135868737165392,23.64,33.69
2004,Stolephorus anchovies nei,Malaysia,14615.0,29.59859550484379,25.82,34.56
2004,Stolephorus anchovies nei,Malaysia,8834.0,29.59859550484379,25.82,34.56
2004,Kawakawa,Malaysia,3934.0,29.59859550484379,25.82,34.56
2004,Kawakawa,Malaysia,6202.0,29.59859550484379,25.82,34.56
2004,Skipjack tuna,Malaysia,0.0,29.59859550484379,25.82,34.56
2004,Skipjack tuna,Malaysia,0.0,29.59859550484379,25.82,34.56
2004,Yellowfin tuna,Malaysia,0.0,29.59859550484379,25.82,34.56
2004,Yellowfin tuna,Malaysia,592.0,29.59859550484379,25.82,34.56
2004,Indian mackerels nei,Malaysia,105156.0,29.59859550484379,25.82,34.56
2004,Indian mackerels nei,Malaysia,36476.0,29.59859550484379,25.82,34.56
2004,Marine fishes nei,Malaysia,222634.0,29.59859550484379,25.82,34.56
2004,Marine fishes nei,Malaysia,218965.0,29.59859550484379,25.82,34.56
2004,Marine fishes nei,Myanmar,1109640.0,28.68828269675926,24.66,32.38
2004,Sardinellas nei,Philippines,270227.0,28.479435918813437,22.76,32.67
2004,Stolephorus anchovies nei,Philippines,71498.0,28.479435918813437,22.76,32.67
2004,Kawakawa,Philippines,44875.0,28.479435918813437,22.76,32.67
2004,Skipjack tuna,Philippines,0.0,28.479435918813437,22.76,32.67
2004,Skipjack tuna,Philippines,0.0,28.479435918813437,22.76,32.67
2004,Skipjack tuna,Philippines,158480.0,28.479435918813437,22.76,32.67
2004,Yellowfin tuna,Philippines,222.0,28.479435918813437,22.76,32.67
2004,Yellowfin tuna,Philippines,24.0,28.479435918813437,22.76,32.67
2004,Yellowfin tuna,Philippines,77.0,28.479435918813437,22.76,32.67
2004,Yellowfin tuna,Philippines,44.0,28.479435918813437,22.76,32.67
2004,Yellowfin tuna,Philippines,920.0,28.479435918813437,22.76,32.67
2004,Yellowfin tuna,Philippines,1084.0,28.479435918813437,22.76,32.67
2004,Yellowfin tuna,Philippines,128162.0,28.479435918813437,22.76,32.67
2004,Scads nei,Philippines,295952.0,28.479435918813437,22.76,32.67
2004,Short mackerel,Philippines,42760.0,28.479435918813437,22.76,32.67
2004,Marine fishes nei,Philippines,46.0,28.479435918813437,22.76,32.67
2004,Marine fishes nei,Philippines,28.0,28.479435918813437,22.76,32.67
2004,Marine fishes nei,Philippines,14024.0,28.479435918813437,22.76,32.67
2004,Common squids nei,Philippines,56181.0,28.479435918813437,22.76,32.67
2004,Skipjack tuna,Singapore,2.0,29.939027777777778,27.57,34.27
2004,Scads nei,Singapore,61.0,29.939027777777778,27.57,34.27
2004,Indian mackerels nei,Singapore,44.0,29.939027777777778,27.57,34.27
2004,Marine fishes nei,Singapore,651.0,29.939027777777778,27.57,34.27
2004,Common squids nei,Singapore,181.0,29.939027777777778,27.57,34.27
2004,Sardinellas nei,Thailand,16598.0,29.49644873679486,26.55,34.27
2004,Sardinellas nei,Thailand,103303.0,29.49644873679486,26.55,34.27
2004,Kawakawa,Thailand,7097.0,29.49644873679486,26.55,34.27
2004,Kawakawa,Thailand,27931.0,29.49644873679486,26.55,34.27
2004,Skipjack tuna,Thailand,0.0,29.49644873679486,26.55,34.27
2004,Skipjack tuna,Thailand,0.0,29.49644873679486,26.55,34.27
2004,Yellowfin tuna,Thailand,148.0,29.49644873679486,26.55,34.27
2004,Yellowfin tuna,Thailand,3.0,29.49644873679486,26.55,34.27
2004,Indian mackerels nei,Thailand,38328.0,29.49644873679486,26.55,34.27
2004,Indian mackerels nei,Thailand,122070.0,29.49644873679486,26.55,34.27
2004,Marine fishes nei,Thailand,0.0,29.49644873679486,26.55,34.27
2004,Marine fishes nei,Thailand,390471.0,29.49644873679486,26.55,34.27
2004,Marine fishes nei,Thailand,562426.0,29.49644873679486,26.55,34.27
2004,Common squids nei,Thailand,16738.0,29.49644873679486,26.55,34.27
2004,Common squids nei,Thailand,56856.0,29.49644873679486,26.55,34.27
2005,Marine fishes nei,Cambodia,37000.0,29.5659375,27.86,31.94
2005,Stolephorus anchovies nei,Indonesia,43110.0,29.2693299781238,24.66,35.0
2005,Stolephorus anchovies nei,Indonesia,108816.0,29.2693299781238,24.66,35.0
2005,Kawakawa,Indonesia,31459.0,29.2693299781238,24.66,35.0
2005,Kawakawa,Indonesia,56124.0,29.2693299781238,24.66,35.0
2005,Skipjack tuna,Indonesia,60866.0,29.2693299781238,24.66,35.0
2005,Skipjack tuna,Indonesia,173203.0,29.2693299781238,24.66,35.0
2005,Yellowfin tuna,Indonesia,31405.0,29.2693299781238,24.66,35.0
2005,Yellowfin tuna,Indonesia,63624.0,29.2693299781238,24.66,35.0
2005,Scads nei,Indonesia,35757.0,29.2693299781238,24.66,35.0
2005,Scads nei,Indonesia,254852.0,29.2693299781238,24.66,35.0
2005,Short mackerel,Indonesia,65378.0,29.2693299781238,24.66,35.0
2005,Short mackerel,Indonesia,156654.0,29.2693299781238,24.66,35.0
2005,Marine fishes nei,Indonesia,188634.0,29.2693299781238,24.66,35.0
2005,Marine fishes nei,Indonesia,625855.0,29.2693299781238,24.66,35.0
2005,Common squids nei,Indonesia,10344.0,29.2693299781238,24.66,35.0
2005,Common squids nei,Indonesia,48089.0,29.2693299781238,24.66,35.0
2005,Stolephorus anchovies nei,Malaysia,9990.0,29.66063105915143,25.68,35.0
2005,Stolephorus anchovies nei,Malaysia,6897.0,29.66063105915143,25.68,35.0
2005,Kawakawa,Malaysia,2863.0,29.66063105915143,25.68,35.0
2005,Kawakawa,Malaysia,8003.0,29.66063105915143,25.68,35.0
2005,Skipjack tuna,Malaysia,0.0,29.66063105915143,25.68,35.0
2005,Skipjack tuna,Malaysia,0.0,29.66063105915143,25.68,35.0
2005,Yellowfin tuna,Malaysia,0.0,29.66063105915143,25.68,35.0
2005,Yellowfin tuna,Malaysia,2229.0,29.66063105915143,25.68,35.0
2005,Yellowfin tuna,Malaysia,146.0,29.66063105915143,25.68,35.0
2005,Indian mackerels nei,Malaysia,97435.0,29.66063105915143,25.68,35.0
2005,Indian mackerels nei,Malaysia,33837.0,29.66063105915143,25.68,35.0
2005,Marine fishes nei,Malaysia,196956.0,29.66063105915143,25.68,35.0
2005,Marine fishes nei,Malaysia,244005.0,29.66063105915143,25.68,35.0
2005,Marine fishes nei,Myanmar,1206330.0,28.930639014130733,25.09,33.98
2005,Sardinellas nei,Philippines,336304.0,28.5969852699962,22.91,33.69
2005,Stolephorus anchovies nei,Philippines,68947.0,28.5969852699962,22.91,33.69
2005,Kawakawa,Philippines,77674.0,28.5969852699962,22.91,33.69
2005,Skipjack tuna,Philippines,0.0,28.5969852699962,22.91,33.69
2005,Skipjack tuna,Philippines,0.0,28.5969852699962,22.91,33.69
2005,Skipjack tuna,Philippines,166081.0,28.5969852699962,22.91,33.69
2005,Yellowfin tuna,Philippines,80.0,28.5969852699962,22.91,33.69
2005,Yellowfin tuna,Philippines,0.0,28.5969852699962,22.91,33.69
2005,Yellowfin tuna,Philippines,150.0,28.5969852699962,22.91,33.69
2005,Yellowfin tuna,Philippines,13.0,28.5969852699962,22.91,33.69
2005,Yellowfin tuna,Philippines,2775.0,28.5969852699962,22.91,33.69
2005,Yellowfin tuna,Philippines,105.0,28.5969852699962,22.91,33.69
2005,Yellowfin tuna,Philippines,127098.0,28.5969852699962,22.91,33.69
2005,Scads nei,Philippines,283756.0,28.5969852699962,22.91,33.69
2005,Short mackerel,Philippines,46810.0,28.5969852699962,22.91,33.69
2005,Marine fishes nei,Philippines,15.0,28.5969852699962,22.91,33.69
2005,Marine fishes nei,Philippines,2.0,28.5969852699962,22.91,33.69
2005,Marine fishes nei,Philippines,12559.0,28.5969852699962,22.91,33.69
2005,Common squids nei,Philippines,59801.0,28.5969852699962,22.91,33.69
2005,Skipjack tuna,Singapore,4.0,30.011180555555555,27.57,32.38
2005,Scads nei,Singapore,55.0,30.011180555555555,27.57,32.38
2005,Indian mackerels nei,Singapore,31.0,30.011180555555555,27.57,32.38
2005,Marine fishes nei,Singapore,507.0,30.011180555555555,27.57,32.38
2005,Common squids nei,Singapore,124.0,30.011180555555555,27.57,32.38
2005,Sardinellas nei,Thailand,16964.0,29.58994044663088,26.55,35.0
2005,Sardinellas nei,Thailand,110463.0,29.58994044663088,26.55,35.0
2005,Kawakawa,Thailand,9764.0,29.58994044663088,26.55,35.0
2005,Kawakawa,Thailand,27947.0,29.58994044663088,26.55,35.0
2005,Skipjack tuna,Thailand,7971.0,29.58994044663088,26.55,35.0
2005,Skipjack tuna,Thailand,0.0,29.58994044663088,26.55,35.0
2005,Yellowfin tuna,Thailand,2348.0,29.58994044663088,26.55,35.0
2005,Yellowfin tuna,Thailand,0.0,29.58994044663088,26.55,35.0
2005,Indian mackerels nei,Thailand,49548.0,29.58994044663088,26.55,35.0
2005,Indian mackerels nei,Thailand,117218.0,29.58994044663088,26.55,35.0
2005,Marine fishes nei,Thailand,0.0,29.58994044663088,26.55,35.0
2005,Marine fishes nei,Thailand,362971.0,29.58994044663088,26.55,35.0
2005,Marine fishes nei,Thailand,565206.0,29.58994044663088,26.55,35.0
2005,Common squids nei,Thailand,11860.0,29.58994044663088,26.55,35.0
2005,Common squids nei,Thailand,63628.0,29.58994044663088,26.55,35.0
2006,Marine fishes nei,Cambodia,37400.0,29.54686011904762,27.72,32.38
2006,Stolephorus anchovies nei,Indonesia,48832.0,28.88819016712257,20.58,35.0
2006,Stolephorus anchovies nei,Indonesia,116192.0,28.88819016712257,20.58,35.0
2006,Kawakawa,Indonesia,28301.0,28.88819016712257,20.58,35.0
2006,Kawakawa,Indonesia,79894.0,28.88819016712257,20.58,35.0
2006,Skipjack tuna,Indonesia,54674.0,28.88819016712257,20.58,35.0
2006,Skipjack tuna,Indonesia,217310.0,28.88819016712257,20.58,35.0
2006,Yellowfin tuna,Indonesia,24787.0,28.88819016712257,20.58,35.0
2006,Yellowfin tuna,Indonesia,55921.0,28.88819016712257,20.58,35.0
2006,Scads nei,Indonesia,44835.0,28.88819016712257,20.58,35.0
2006,Scads nei,Indonesia,259904.0,28.88819016712257,20.58,35.0
2006,Short mackerel,Indonesia,69197.0,28.88819016712257,20.58,35.0
2006,Short mackerel,Indonesia,185763.0,28.88819016712257,20.58,35.0
2006,Marine fishes nei,Indonesia,129613.0,28.88819016712257,20.58,35.0
2006,Marine fishes nei,Indonesia,512281.0,28.88819016712257,20.58,35.0
2006,Common squids nei,Indonesia,10761.0,28.88819016712257,20.58,35.0
2006,Common squids nei,Indonesia,47060.0,28.88819016712257,20.58,35.0
2006,Stolephorus anchovies nei,Malaysia,10417.0,29.61486578583188,25.24,32.52
2006,Stolephorus anchovies nei,Malaysia,9008.0,29.61486578583188,25.24,32.52
2006,Kawakawa,Malaysia,6362.0,29.61486578583188,25.24,32.52
2006,Kawakawa,Malaysia,13578.0,29.61486578583188,25.24,32.52
2006,Skipjack tuna,Malaysia,6.0,29.61486578583188,25.24,32.52
2006,Skipjack tuna,Malaysia,0.0,29.61486578583188,25.24,32.52
2006,Skipjack tuna,Malaysia,6.0,29.61486578583188,25.24,32.52
2006,Yellowfin tuna,Malaysia,11.0,29.61486578583188,25.24,32.52
2006,Yellowfin tuna,Malaysia,1079.0,29.61486578583188,25.24,32.52
2006,Indian mackerels nei,Malaysia,86010.0,29.61486578583188,25.24,32.52
2006,Indian mackerels nei,Malaysia,31465.0,29.61486578583188,25.24,32.52
2006,Marine fishes nei,Malaysia,234438.0,29.61486578583188,25.24,32.52
2006,Marine fishes nei,Malaysia,194044.0,29.61486578583188,25.24,32.52
2006,Marine fishes nei,Myanmar,1162100.0,28.63830938411057,25.53,31.36
2006,Sardinellas nei,Philippines,303766.0,28.742284066120707,23.78,32.52
2006,Stolephorus anchovies nei,Philippines,70569.0,28.742284066120707,23.78,32.52
2006,Kawakawa,Philippines,78377.0,28.742284066120707,23.78,32.52
2006,Skipjack tuna,Philippines,0.0,28.742284066120707,23.78,32.52
2006,Skipjack tuna,Philippines,0.0,28.742284066120707,23.78,32.52
2006,Skipjack tuna,Philippines,183221.0,28.742284066120707,23.78,32.52
2006,Yellowfin tuna,Philippines,39.0,28.742284066120707,23.78,32.52
2006,Yellowfin tuna,Philippines,6.0,28.742284066120707,23.78,32.52
2006,Yellowfin tuna,Philippines,195.0,28.742284066120707,23.78,32.52
2006,Yellowfin tuna,Philippines,25.0,28.742284066120707,23.78,32.52
2006,Yellowfin tuna,Philippines,1778.0,28.742284066120707,23.78,32.52
2006,Yellowfin tuna,Philippines,67.0,28.742284066120707,23.78,32.52
2006,Yellowfin tuna,Philippines,137398.0,28.742284066120707,23.78,32.52
2006,Scads nei,Philippines,263651.0,28.742284066120707,23.78,32.52
2006,Short mackerel,Philippines,50810.0,28.742284066120707,23.78,32.52
2006,Marine fishes nei,Philippines,80.0,28.742284066120707,23.78,32.52
2006,Marine fishes nei,Philippines,9.0,28.742284066120707,23.78,32.52
2006,Marine fishes nei,Philippines,12001.0,28.742284066120707,23.78,32.52
2006,Common squids nei,Philippines,57585.0,28.742284066120707,23.78,32.52
2006,Skipjack tuna,Singapore,1.0,29.746875,28.3,31.65
2006,Scads nei,Singapore,70.0,29.746875,28.3,31.65
2006,Indian mackerels nei,Singapore,21.0,29.746875,28.3,31.65
2006,Marine fishes nei,Singapore,769.0,29.746875,28.3,31.65
2006,Common squids nei,Singapore,224.0,29.746875,28.3,31.65
2006,Sardinellas nei,Thailand,19258.0,29.584654754065664,26.84,35.0
2006,Sardinellas nei,Thailand,90250.0,29.584654754065664,26.84,35.0
2006,Kawakawa,Thailand,9011.0,29.584654754065664,26.84,35.0
2006,Kawakawa,Thailand,25273.0,29.584654754065664,26.84,35.0
2006,Skipjack tuna,Thailand,16395.0,29.584654754065664,26.84,35.0
2006,Skipjack tuna,Thailand,441.0,29.584654754065664,26.84,35.0
2006,Yellowfin tuna,Thailand,2508.0,29.584654754065664,26.84,35.0
2006,Yellowfin tuna,Thailand,86.0,29.584654754065664,26.84,35.0
2006,Indian mackerels nei,Thailand,47114.0,29.584654754065664,26.84,35.0
2006,Indian mackerels nei,Thailand,111865.0,29.584654754065664,26.84,35.0
2006,Marine fishes nei,Thailand,0.0,29.584654754065664,26.84,35.0
2006,Marine fishes nei,Thailand,311953.0,29.584654754065664,26.84,35.0
2006,Marine fishes nei,Thailand,489728.0,29.584654754065664,26.84,35.0
2006,Common squids nei,Thailand,12825.0,29.584654754065664,26.84,35.0
2006,Common squids nei,Thailand,63377.0,29.584654754065664,26.84,35.0
2007,Marine fishes nei,Cambodia,41500.0,29.2303125,28.01,31.5
2007,Stolephorus anchovies nei,Indonesia,50534.0,29.09331840088718,22.33,35.0
2007,Stolephorus anchovies nei,Indonesia,124988.0,29.09331840088718,22.33,35.0
2007,Kawakawa,Indonesia,35614.0,29.09331840088718,22.33,35.0
2007,Kawakawa,Indonesia,89020.0,29.09331840088718,22.33,35.0
2007,Skipjack tuna,Indonesia,68987.0,29.09331840088718,22.33,35.0
2007,Skipjack tuna,Indonesia,243118.0,29.09331840088718,22.33,35.0
2007,Yellowfin tuna,Indonesia,29835.0,29.09331840088718,22.33,35.0
2007,Yellowfin tuna,Indonesia,67773.0,29.09331840088718,22.33,35.0
2007,Scads nei,Indonesia,46975.0,29.09331840088718,22.33,35.0
2007,Scads nei,Indonesia,258510.0,29.09331840088718,22.33,35.0
2007,Short mackerel,Indonesia,77893.0,29.09331840088718,22.33,35.0
2007,Short mackerel,Indonesia,181565.0,29.09331840088718,22.33,35.0
2007,Marine fishes nei,Indonesia,63742.0,29.09331840088718,22.33,35.0
2007,Marine fishes nei,Indonesia,455368.0,29.09331840088718,22.33,35.0
2007,Common squids nei,Indonesia,14897.0,29.09331840088718,22.33,35.0
2007,Common squids nei,Indonesia,48528.0,29.09331840088718,22.33,35.0
2007,Stolephorus anchovies nei,Malaysia,10114.0,29.565822828130795,25.82,35.0
2007,Stolephorus anchovies nei,Malaysia,13861.0,29.565822828130795,25.82,35.0
2007,Kawakawa,Malaysia,3487.0,29.565822828130795,25.82,35.0
2007,Kawakawa,Malaysia,10897.0,29.565822828130795,25.82,35.0
2007,Skipjack tuna,Malaysia,0.0,29.565822828130795,25.82,35.0
2007,Skipjack tuna,Malaysia,0.0,29.565822828130795,25.82,35.0
2007,Yellowfin tuna,Malaysia,0.0,29.565822828130795,25.82,35.0
2007,Yellowfin tuna,Malaysia,1229.0,29.565822828130795,25.82,35.0
2007,Indian mackerels nei,Malaysia,132771.0,29.565822828130795,25.82,35.0
2007,Indian mackerels nei,Malaysia,23916.0,29.565822828130795,25.82,35.0
2007,Marine fishes nei,Malaysia,230907.0,29.565822828130795,25.82,35.0
2007,Marine fishes nei,Malaysia,212031.0,29.565822828130795,25.82,35.0
2007,Marine fishes nei,Myanmar,1159400.0,28.40160282953761,23.64,31.21
2007,Sardinellas nei,Philippines,313082.0,28.80829513200908,23.2,32.67
2007,Stolephorus anchovies nei,Philippines,76042.0,28.80829513200908,23.2,32.67
2007,Kawakawa,Philippines,73094.0,28.80829513200908,23.2,32.67
2007,Skipjack tuna,Philippines,0.0,28.80829513200908,23.2,32.67
2007,Skipjack tuna,Philippines,0.0,28.80829513200908,23.2,32.67
2007,Skipjack tuna,Philippines,211440.0,28.80829513200908,23.2,32.67
2007,Yellowfin tuna,Philippines,40.0,28.80829513200908,23.2,32.67
2007,Yellowfin tuna,Philippines,16.0,28.80829513200908,23.2,32.67
2007,Yellowfin tuna,Philippines,110.0,28.80829513200908,23.2,32.67
2007,Yellowfin tuna,Philippines,72.0,28.80829513200908,23.2,32.67
2007,Yellowfin tuna,Philippines,676.0,28.80829513200908,23.2,32.67
2007,Yellowfin tuna,Philippines,435.0,28.80829513200908,23.2,32.67
2007,Yellowfin tuna,Philippines,156297.0,28.80829513200908,23.2,32.67
2007,Scads nei,Philippines,323922.0,28.80829513200908,23.2,32.67
2007,Short mackerel,Philippines,49494.0,28.80829513200908,23.2,32.67
2007,Marine fishes nei,Philippines,15.0,28.80829513200908,23.2,32.67
2007,Marine fishes nei,Philippines,0.0,28.80829513200908,23.2,32.67
2007,Marine fishes nei,Philippines,13207.0,28.80829513200908,23.2,32.67
2007,Common squids nei,Philippines,64139.0,28.80829513200908,23.2,32.67
2007,Skipjack tuna,Singapore,0.0,29.78798611111111,26.99,32.96
2007,Scads nei,Singapore,77.0,29.78798611111111,26.99,32.96
2007,Indian mackerels nei,Singapore,40.0,29.78798611111111,26.99,32.96
2007,Marine fishes nei,Singapore,849.0,29.78798611111111,26.99,32.96
2007,Common squids nei,Singapore,148.0,29.78798611111111,26.99,32.96
2007,Sardinellas nei,Thailand,15886.0,29.41609906378594,26.41,34.71
2007,Sardinellas nei,Thailand,81562.0,29.41609906378594,26.41,34.71
2007,Kawakawa,Thailand,7028.0,29.41609906378594,26.41,34.71
2007,Kawakawa,Thailand,23476.0,29.41609906378594,26.41,34.71
2007,Skipjack tuna,Thailand,7304.0,29.41609906378594,26.41,34.71
2007,Skipjack tuna,Thailand,1124.0,29.41609906378594,26.41,34.71
2007,Yellowfin tuna,Thailand,1083.0,29.41609906378594,26.41,34.71
2007,Yellowfin tuna,Thailand,278.0,29.41609906378594,26.41,34.71
2007,Indian mackerels nei,Thailand,41171.0,29.41609906378594,26.41,34.71
2007,Indian mackerels nei,Thailand,95668.0,29.41609906378594,26.41,34.71
2007,Marine fishes nei,Thailand,0.0,29.41609906378594,26.41,34.71
2007,Marine fishes nei,Thailand,251649.0,29.41609906378594,26.41,34.71
2007,Marine fishes nei,Thailand,455575.0,29.41609906378594,26.41,34.71
2007,Common squids nei,Thailand,13396.0,29.41609906378594,26.41,34.71
2007,Common squids nei,Thailand,53489.0,29.41609906378594,26.41,34.71
2008,Marine fishes nei,Cambodia,45345.0,29.285,27.72,31.21
2008,Stolephorus anchovies nei,Indonesia,64728.0,29.03421360509825,22.33,34.42
2008,Stolephorus anchovies nei,Indonesia,134947.0,29.03421360509825,22.33,34.42
2008,Kawakawa,Indonesia,34854.0,29.03421360509825,22.33,34.42
2008,Kawakawa,Indonesia,103530.0,29.03421360509825,22.33,34.42
2008,Skipjack tuna,Indonesia,67521.0,29.03421360509825,22.33,34.42
2008,Skipjack tuna,Indonesia,255917.0,29.03421360509825,22.33,34.42
2008,Yellowfin tuna,Indonesia,29909.0,29.03421360509825,22.33,34.42
2008,Yellowfin tuna,Indonesia,63055.0,29.03421360509825,22.33,34.42
2008,Scads nei,Indonesia,49624.0,29.03421360509825,22.33,34.42
2008,Scads nei,Indonesia,277743.0,29.03421360509825,22.33,34.42
2008,Short mackerel,Indonesia,80137.0,29.03421360509825,22.33,34.42
2008,Short mackerel,Indonesia,169301.0,29.03421360509825,22.33,34.42
2008,Marine fishes nei,Indonesia,86211.0,29.03421360509825,22.33,34.42
2008,Marine fishes nei,Indonesia,363748.0,29.03421360509825,22.33,34.42
2008,Common squids nei,Indonesia,15807.0,29.03421360509825,22.33,34.42
2008,Common squids nei,Indonesia,49565.0,29.03421360509825,22.33,34.42
2008,Stolephorus anchovies nei,Malaysia,9164.0,29.61745037671595,25.82,32.96
2008,Stolephorus anchovies nei,Malaysia,10436.0,29.61745037671595,25.82,32.96
2008,Kawakawa,Malaysia,2579.0,29.61745037671595,25.82,32.96
2008,Kawakawa,Malaysia,19383.0,29.61745037671595,25.82,32.96
2008,Skipjack tuna,Malaysia,0.0,29.61745037671595,25.82,32.96
2008,Skipjack tuna,Malaysia,293.0,29.61745037671595,25.82,32.96
2008,Skipjack tuna,Malaysia,329.0,29.61745037671595,25.82,32.96
2008,Yellowfin tuna,Malaysia,0.0,29.61745037671595,25.82,32.96
2008,Yellowfin tuna,Malaysia,1242.0,29.61745037671595,25.82,32.96
2008,Indian mackerels nei,Malaysia,139597.0,29.61745037671595,25.82,32.96
2008,Indian mackerels nei,Malaysia,30724.0,29.61745037671595,25.82,32.96
2008,Marine fishes nei,Malaysia,228196.0,29.61745037671595,25.82,32.96
2008,Marine fishes nei,Malaysia,174435.0,29.61745037671595,25.82,32.96
2008,Kawakawa,Myanmar,9.0,28.552555699948027,24.37,31.36
2008,Marine fishes nei,Myanmar,1131000.0,28.552555699948027,24.37,31.36
2008,Sardinellas nei,Philippines,369199.0,28.877033341608733,22.76,32.38
2008,Stolephorus anchovies nei,Philippines,73235.0,28.877033341608733,22.76,32.38
2008,Kawakawa,Philippines,54907.0,28.877033341608733,22.76,32.38
2008,Skipjack tuna,Philippines,0.0,28.877033341608733,22.76,32.38
2008,Skipjack tuna,Philippines,0.0,28.877033341608733,22.76,32.38
2008,Skipjack tuna,Philippines,238787.0,28.877033341608733,22.76,32.38
2008,Yellowfin tuna,Philippines,29.0,28.877033341608733,22.76,32.38
2008,Yellowfin tuna,Philippines,0.0,28.877033341608733,22.76,32.38
2008,Yellowfin tuna,Philippines,138.0,28.877033341608733,22.76,32.38
2008,Yellowfin tuna,Philippines,53.0,28.877033341608733,22.76,32.38
2008,Yellowfin tuna,Philippines,721.0,28.877033341608733,22.76,32.38
2008,Yellowfin tuna,Philippines,78.0,28.877033341608733,22.76,32.38
2008,Yellowfin tuna,Philippines,167771.0,28.877033341608733,22.76,32.38
2008,Scads nei,Philippines,297892.0,28.877033341608733,22.76,32.38
2008,Short mackerel,Philippines,50986.0,28.877033341608733,22.76,32.38
2008,Marine fishes nei,Philippines,80.0,28.877033341608733,22.76,32.38
2008,Marine fishes nei,Philippines,20.0,28.877033341608733,22.76,32.38
2008,Marine fishes nei,Philippines,13080.0,28.877033341608733,22.76,32.38
2008,Common squids nei,Philippines,57223.0,28.877033341608733,22.76,32.38
2008,Skipjack tuna,Singapore,2.0,29.764236111111117,27.86,32.96
2008,Scads nei,Singapore,43.0,29.764236111111117,27.86,32.96
2008,Indian mackerels nei,Singapore,25.0,29.764236111111117,27.86,32.96
2008,Marine fishes nei,Singapore,350.0,29.764236111111117,27.86,32.96
2008,Common squids nei,Singapore,12.0,29.764236111111117,27.86,32.96
2008,Sardinellas nei,Thailand,17596.0,29.42104772249695,25.82,33.83
2008,Sardinellas nei,Thailand,78859.0,29.42104772249695,25.82,33.83
2008,Kawakawa,Thailand,7519.0,29.42104772249695,25.82,33.83
2008,Kawakawa,Thailand,9082.0,29.42104772249695,25.82,33.83
2008,Skipjack tuna,Thailand,5923.0,29.42104772249695,25.82,33.83
2008,Skipjack tuna,Thailand,215.0,29.42104772249695,25.82,33.83
2008,Yellowfin tuna,Thailand,1023.0,29.42104772249695,25.82,33.83
2008,Yellowfin tuna,Thailand,60.0,29.42104772249695,25.82,33.83
2008,Indian mackerels nei,Thailand,27297.0,29.42104772249695,25.82,33.83
2008,Indian mackerels nei,Thailand,85260.0,29.42104772249695,25.82,33.83
2008,Marine fishes nei,Thailand,6.0,29.42104772249695,25.82,33.83
2008,Marine fishes nei,Thailand,196109.0,29.42104772249695,25.82,33.83
2008,Marine fishes nei,Thailand,342669.0,29.42104772249695,25.82,33.83
2008,Common squids nei,Thailand,14198.0,29.42104772249695,25.82,33.83
2008,Common squids nei,Thailand,57766.0,29.42104772249695,25.82,33.83
2009,Marine fishes nei,Cambodia,55460.0,29.35965773809524,26.7,30.92
2009,Stolephorus anchovies nei,Indonesia,57864.0,29.325809423256768,23.78,35.0
2009,Stolephorus anchovies nei,Indonesia,135102.0,29.325809423256768,23.78,35.0
2009,Kawakawa,Indonesia,40864.0,29.325809423256768,23.78,35.0
2009,Kawakawa,Indonesia,78849.0,29.325809423256768,23.78,35.0
2009,Skipjack tuna,Indonesia,78851.0,29.325809423256768,23.78,35.0
2009,Skipjack tuna,Indonesia,279985.0,29.325809423256768,23.78,35.0
2009,Yellowfin tuna,Indonesia,26735.0,29.325809423256768,23.78,35.0
2009,Yellowfin tuna,Indonesia,92888.0,29.325809423256768,23.78,35.0
2009,Scads nei,Indonesia,54768.0,29.325809423256768,23.78,35.0
2009,Scads nei,Indonesia,275919.0,29.325809423256768,23.78,35.0
2009,Short mackerel,Indonesia,67604.0,29.325809423256768,23.78,35.0
2009,Short mackerel,Indonesia,193229.0,29.325809423256768,23.78,35.0
2009,Marine fishes nei,Indonesia,86194.0,29.325809423256768,23.78,35.0
2009,Marine fishes nei,Indonesia,329925.0,29.325809423256768,23.78,35.0
2009,Common squids nei,Indonesia,13319.0,29.325809423256768,23.78,35.0
2009,Common squids nei,Indonesia,57917.0,29.325809423256768,23.78,35.0
2009,Stolephorus anchovies nei,Malaysia,6514.0,29.7638285316074,24.37,32.96
2009,Stolephorus anchovies nei,Malaysia,14221.0,29.7638285316074,24.37,32.96
2009,Kawakawa,Malaysia,5160.0,29.7638285316074,24.37,32.96
2009,Kawakawa,Malaysia,15717.0,29.7638285316074,24.37,32.96
2009,Skipjack tuna,Malaysia,0.0,29.7638285316074,24.37,32.96
2009,Skipjack tuna,Malaysia,293.0,29.7638285316074,24.37,32.96
2009,Skipjack tuna,Malaysia,4460.0,29.7638285316074,24.37,32.96
2009,Yellowfin tuna,Malaysia,0.0,29.7638285316074,24.37,32.96
2009,Yellowfin tuna,Malaysia,1001.0,29.7638285316074,24.37,32.96
2009,Yellowfin tuna,Malaysia,749.0,29.7638285316074,24.37,32.96
2009,Indian mackerels nei,Malaysia,157450.0,29.7638285316074,24.37,32.96
2009,Indian mackerels nei,Malaysia,28040.0,29.7638285316074,24.37,32.96
2009,Marine fishes nei,Malaysia,206385.0,29.7638285316074,24.37,32.96
2009,Marine fishes nei,Malaysia,161365.0,29.7638285316074,24.37,32.96
2009,Marine fishes nei,Myanmar,1092500.0,28.733285156093256,25.39,31.5
2009,Sardinellas nei,Philippines,467853.0,28.689544855243767,22.91,32.67
2009,Stolephorus anchovies nei,Philippines,81842.0,28.689544855243767,22.91,32.67
2009,Kawakawa,Philippines,49973.0,28.689544855243767,22.91,32.67
2009,Skipjack tuna,Philippines,0.0,28.689544855243767,22.91,32.67
2009,Skipjack tuna,Philippines,0.0,28.689544855243767,22.91,32.67
2009,Skipjack tuna,Philippines,201782.0,28.689544855243767,22.91,32.67
2009,Yellowfin tuna,Philippines,34.0,28.689544855243767,22.91,32.67
2009,Yellowfin tuna,Philippines,0.0,28.689544855243767,22.91,32.67
2009,Yellowfin tuna,Philippines,89.0,28.689544855243767,22.91,32.67
2009,Yellowfin tuna,Philippines,29.0,28.689544855243767,22.91,32.67
2009,Yellowfin tuna,Philippines,78.0,28.689544855243767,22.91,32.67
2009,Yellowfin tuna,Philippines,247.0,28.689544855243767,22.91,32.67
2009,Yellowfin tuna,Philippines,115748.0,28.689544855243767,22.91,32.67
2009,Scads nei,Philippines,251072.0,28.689544855243767,22.91,32.67
2009,Short mackerel,Philippines,49478.0,28.689544855243767,22.91,32.67
2009,Marine fishes nei,Philippines,30.0,28.689544855243767,22.91,32.67
2009,Marine fishes nei,Philippines,57.0,28.689544855243767,22.91,32.67
2009,Marine fishes nei,Philippines,13608.0,28.689544855243767,22.91,32.67
2009,Common squids nei,Philippines,61112.0,28.689544855243767,22.91,32.67
2009,Skipjack tuna,Singapore,2.0,30.04208333333333,26.99,32.81
2009,Scads nei,Singapore,53.0,30.04208333333333,26.99,32.81
2009,Indian mackerels nei,Singapore,46.0,30.04208333333333,26.99,32.81
2009,Marine fishes nei,Singapore,440.0,30.04208333333333,26.99,32.81
2009,Common squids nei,Singapore,64.0,30.04208333333333,26.99,32.81
2009,Sardinellas nei,Thailand,16415.0,29.519423265258457,25.24,32.96
2009,Sardinellas nei,Thailand,83612.0,29.519423265258457,25.24,32.96
2009,Kawakawa,Thailand,7832.0,29.519423265258457,25.24,32.96
2009,Kawakawa,Thailand,8478.0,29.519423265258457,25.24,32.96
2009,Skipjack tuna,Thailand,6452.0,29.519423265258457,25.24,32.96
2009,Skipjack tuna,Thailand,1080.0,29.519423265258457,25.24,32.96
2009,Yellowfin tuna,Thailand,1117.0,29.519423265258457,25.24,32.96
2009,Yellowfin tuna,Thailand,72.0,29.519423265258457,25.24,32.96
2009,Indian mackerels nei,Thailand,33823.0,29.519423265258457,25.24,32.96
2009,Indian mackerels nei,Thailand,81555.0,29.519423265258457,25.24,32.96
2009,Marine fishes nei,Thailand,0.0,29.519423265258457,25.24,32.96
2009,Marine fishes nei,Thailand,203866.0,29.519423265258457,25.24,32.96
2009,Marine fishes nei,Thailand,369874.0,29.519423265258457,25.24,32.96
2009,Common squids nei,Thailand,14723.0,29.519423265258457,25.24,32.96
2009,Common squids nei,Thailand,54903.0,29.519423265258457,25.24,32.96
2010,Marine fishes nei,Cambodia,63938.292,29.88583333333333,28.01,31.94
2010,Stolephorus anchovies nei,Indonesia,53347.0,29.71521237293672,25.68,35.0
2010,Stolephorus anchovies nei,Indonesia,122379.0,29.71521237293672,25.68,35.0
2010,Kawakawa,Indonesia,41921.0,29.71521237293672,25.68,35.0
2010,Kawakawa,Indonesia,80805.0,29.71521237293672,25.68,35.0
2010,Skipjack tuna,Indonesia,80621.0,29.71521237293672,25.68,35.0
2010,Skipjack tuna,Indonesia,273637.0,29.71521237293672,25.68,35.0
2010,Yellowfin tuna,Indonesia,29289.0,29.71521237293672,25.68,35.0
2010,Yellowfin tuna,Indonesia,73846.0,29.71521237293672,25.68,35.0
2010,Scads nei,Indonesia,47723.0,29.71521237293672,25.68,35.0
2010,Scads nei,Indonesia,303493.0,29.71521237293672,25.68,35.0
2010,Short mackerel,Indonesia,72467.0,29.71521237293672,25.68,35.0
2010,Short mackerel,Indonesia,203643.0,29.71521237293672,25.68,35.0
2010,Marine fishes nei,Indonesia,72104.0,29.71521237293672,25.68,35.0
2010,Marine fishes nei,Indonesia,469394.0,29.71521237293672,25.68,35.0
2010,Common squids nei,Indonesia,22124.0,29.71521237293672,25.68,35.0
2010,Common squids nei,Indonesia,72043.0,29.71521237293672,25.68,35.0
2010,Stolephorus anchovies nei,Malaysia,7064.0,30.080495919543345,25.82,34.42
2010,Stolephorus anchovies nei,Malaysia,11541.0,30.080495919543345,25.82,34.42
2010,Kawakawa,Malaysia,5598.0,30.080495919543345,25.82,34.42
2010,Kawakawa,Malaysia,14004.0,30.080495919543345,25.82,34.42
2010,Skipjack tuna,Malaysia,0.0,30.080495919543345,25.82,34.42
2010,Skipjack tuna,Malaysia,293.0,30.080495919543345,25.82,34.42
2010,Skipjack tuna,Malaysia,5145.0,30.080495919543345,25.82,34.42
2010,Yellowfin tuna,Malaysia,158.0,30.080495919543345,25.82,34.42
2010,Yellowfin tuna,Malaysia,576.0,30.080495919543345,25.82,34.42
2010,Yellowfin tuna,Malaysia,1557.0,30.080495919543345,25.82,34.42
2010,Indian mackerels nei,Malaysia,154194.0,30.080495919543345,25.82,34.42
2010,Indian mackerels nei,Malaysia,32031.0,30.080495919543345,25.82,34.42
2010,Marine fishes nei,Malaysia,217618.0,30.080495919543345,25.82,34.42
2010,Marine fishes nei,Malaysia,174702.0,30.080495919543345,25.82,34.42
2010,Marine fishes nei,Myanmar,1131700.0,29.072733104858106,24.37,32.38
2010,Sardinellas nei,Philippines,448556.0,29.05536724972937,23.64,33.25
2010,Stolephorus anchovies nei,Philippines,80183.0,29.05536724972937,23.64,33.25
2010,Kawakawa,Philippines,38237.0,29.05536724972937,23.64,33.25
2010,Skipjack tuna,Philippines,0.0,29.05536724972937,23.64,33.25
2010,Skipjack tuna,Philippines,0.0,29.05536724972937,23.64,33.25
2010,Skipjack tuna,Philippines,171110.0,29.05536724972937,23.64,33.25
2010,Yellowfin tuna,Philippines,20.0,29.05536724972937,23.64,33.25
2010,Yellowfin tuna,Philippines,0.0,29.05536724972937,23.64,33.25
2010,Yellowfin tuna,Philippines,52.0,29.05536724972937,23.64,33.25
2010,Yellowfin tuna,Philippines,17.0,29.05536724972937,23.64,33.25
2010,Yellowfin tuna,Philippines,158.0,29.05536724972937,23.64,33.25
2010,Yellowfin tuna,Philippines,143.0,29.05536724972937,23.64,33.25
2010,Yellowfin tuna,Philippines,105312.0,29.05536724972937,23.64,33.25
2010,Scads nei,Philippines,274994.0,29.05536724972937,23.64,33.25
2010,Short mackerel,Philippines,55708.0,29.05536724972937,23.64,33.25
2010,Marine fishes nei,Philippines,0.0,29.05536724972937,23.64,33.25
2010,Marine fishes nei,Philippines,0.0,29.05536724972937,23.64,33.25
2010,Marine fishes nei,Philippines,15856.0,29.05536724972937,23.64,33.25
2010,Common squids nei,Philippines,55957.0,29.05536724972937,23.64,33.25
2010,Skipjack tuna,Singapore,0.0,30.40659722222222,28.3,33.11
2010,Scads nei,Singapore,40.0,30.40659722222222,28.3,33.11
2010,Indian mackerels nei,Singapore,58.0,30.40659722222222,28.3,33.11
2010,Marine fishes nei,Singapore,400.0,30.40659722222222,28.3,33.11
2010,Common squids nei,Singapore,43.0,30.40659722222222,28.3,33.11
2010,Sardinellas nei,Thailand,14918.0,30.068317877119004,27.43,35.0
2010,Sardinellas nei,Thailand,77670.0,30.068317877119004,27.43,35.0
2010,Kawakawa,Thailand,6709.0,30.068317877119004,27.43,35.0
2010,Kawakawa,Thailand,8898.0,30.068317877119004,27.43,35.0
2010,Skipjack tuna,Thailand,474.0,30.068317877119004,27.43,35.0
2010,Skipjack tuna,Thailand,1895.0,30.068317877119004,27.43,35.0
2010,Yellowfin tuna,Thailand,346.0,30.068317877119004,27.43,35.0
2010,Yellowfin tuna,Thailand,1006.0,30.068317877119004,27.43,35.0
2010,Indian mackerels nei,Thailand,35536.0,30.068317877119004,27.43,35.0
2010,Indian mackerels nei,Thailand,91470.0,30.068317877119004,27.43,35.0
2010,Marine fishes nei,Thailand,0.0,30.068317877119004,27.43,35.0
2010,Marine fishes nei,Thailand,190161.0,30.068317877119004,27.43,35.0
2010,Marine fishes nei,Thailand,348807.0,30.068317877119004,27.43,35.0
2010,Common squids nei,Thailand,18151.0,30.068317877119004,27.43,35.0
2010,Common squids nei,Thailand,70876.0,30.068317877119004,27.43,35.0
2011,Marine fishes nei,Cambodia,71487.15,29.182857142857145,27.86,30.92
2011,Stolephorus anchovies nei,Indonesia,78223.0,29.020959314705845,21.45,33.69
2011,Stolephorus anchovies nei,Indonesia,126616.0,29.020959314705845,21.45,33.69
2011,Kawakawa,Indonesia,43481.0,29.020959314705845,21.45,33.69
2011,Kawakawa,Indonesia,95047.0,29.020959314705845,21.45,33.69
2011,Skipjack tuna,Indonesia,83627.0,29.020959314705845,21.45,33.69
2011,Skipjack tuna,Indonesia,270100.0,29.020959314705845,21.45,33.69
2011,Yellowfin tuna,Indonesia,33550.0,29.020959314705845,21.45,33.69
2011,Yellowfin tuna,Indonesia,114442.0,29.020959314705845,21.45,33.69
2011,Scads nei,Indonesia,81399.0,29.020959314705845,21.45,33.69
2011,Scads nei,Indonesia,324409.0,29.020959314705845,21.45,33.69
2011,Short mackerel,Indonesia,91318.0,29.020959314705845,21.45,33.69
2011,Short mackerel,Indonesia,200545.0,29.020959314705845,21.45,33.69
2011,Marine fishes nei,Indonesia,114944.0,29.020959314705845,21.45,33.69
2011,Marine fishes nei,Indonesia,453907.0,29.020959314705845,21.45,33.69
2011,Common squids nei,Indonesia,41700.0,29.020959314705845,21.45,33.69
2011,Common squids nei,Indonesia,100023.0,29.020959314705845,21.45,33.69
2011,Stolephorus anchovies nei,Malaysia,4911.0,29.63034430374452,25.24,32.96
2011,Stolephorus anchovies nei,Malaysia,14174.0,29.63034430374452,25.24,32.96
2011,Kawakawa,Malaysia,8409.0,29.63034430374452,25.24,32.96
2011,Kawakawa,Malaysia,12518.0,29.63034430374452,25.24,32.96
2011,Skipjack tuna,Malaysia,0.0,29.63034430374452,25.24,32.96
2011,Skipjack tuna,Malaysia,86.0,29.63034430374452,25.24,32.96
2011,Skipjack tuna,Malaysia,6187.0,29.63034430374452,25.24,32.96
2011,Yellowfin tuna,Malaysia,0.0,29.63034430374452,25.24,32.96
2011,Yellowfin tuna,Malaysia,37.72,29.63034430374452,25.24,32.96
2011,Yellowfin tuna,Malaysia,1186.0,29.63034430374452,25.24,32.96
2011,Indian mackerels nei,Malaysia,154222.0,29.63034430374452,25.24,32.96
2011,Indian mackerels nei,Malaysia,29368.0,29.63034430374452,25.24,32.96
2011,Marine fishes nei,Malaysia,187994.0,29.63034430374452,25.24,32.96
2011,Marine fishes nei,Malaysia,154448.0,29.63034430374452,25.24,32.96
2011,Marine fishes nei,Myanmar,1135531.0,28.47170197546951,24.95,31.07
2011,Sardinellas nei,Philippines,338076.0,28.589360622653388,22.91,32.38
2011,Stolephorus anchovies nei,Philippines,75867.0,28.589360622653388,22.91,32.38
2011,Kawakawa,Philippines,36403.0,28.589360622653388,22.91,32.38
2011,Skipjack tuna,Philippines,0.0,28.589360622653388,22.91,32.38
2011,Skipjack tuna,Philippines,0.0,28.589360622653388,22.91,32.38
2011,Skipjack tuna,Philippines,119807.0,28.589360622653388,22.91,32.38
2011,Yellowfin tuna,Philippines,30.0,28.589360622653388,22.91,32.38
2011,Yellowfin tuna,Philippines,0.0,28.589360622653388,22.91,32.38
2011,Yellowfin tuna,Philippines,78.0,28.589360622653388,22.91,32.38
2011,Yellowfin tuna,Philippines,26.0,28.589360622653388,22.91,32.38
2011,Yellowfin tuna,Philippines,0.0,28.589360622653388,22.91,32.38
2011,Yellowfin tuna,Philippines,65.0,28.589360622653388,22.91,32.38
2011,Yellowfin tuna,Philippines,69345.0,28.589360622653388,22.91,32.38
2011,Scads nei,Philippines,245431.0,28.589360622653388,22.91,32.38
2011,Short mackerel,Philippines,55300.0,28.589360622653388,22.91,32.38
2011,Marine fishes nei,Philippines,0.0,28.589360622653388,22.91,32.38
2011,Marine fishes nei,Philippines,0.0,28.589360622653388,22.91,32.38
2011,Marine fishes nei,Philippines,14943.0,28.589360622653388,22.91,32.38
2011,Common squids nei,Philippines,56842.0,28.589360622653388,22.91,32.38
2011,Skipjack tuna,Singapore,1.0,29.90020833333333,28.01,32.96
2011,Scads nei,Singapore,61.0,29.90020833333333,28.01,32.96
2011,Indian mackerels nei,Singapore,59.0,29.90020833333333,28.01,32.96
2011,Marine fishes nei,Singapore,325.0,29.90020833333333,28.01,32.96
2011,Common squids nei,Singapore,31.0,29.90020833333333,28.01,32.96
2011,Sardinellas nei,Thailand,15791.0,29.43453848419701,26.99,35.0
2011,Sardinellas nei,Thailand,46789.0,29.43453848419701,26.99,35.0
2011,Kawakawa,Thailand,0.0,29.43453848419701,26.99,35.0
2011,Kawakawa,Thailand,9996.64,29.43453848419701,26.99,35.0
2011,Kawakawa,Thailand,7199.0,29.43453848419701,26.99,35.0
2011,Skipjack tuna,Thailand,0.0,29.43453848419701,26.99,35.0
2011,Skipjack tuna,Thailand,0.0,29.43453848419701,26.99,35.0
2011,Yellowfin tuna,Thailand,76.813,29.43453848419701,26.99,35.0
2011,Yellowfin tuna,Thailand,15.307,29.43453848419701,26.99,35.0
2011,Indian mackerels nei,Thailand,11847.0,29.43453848419701,26.99,35.0
2011,Indian mackerels nei,Thailand,136005.0,29.43453848419701,26.99,35.0
2011,Marine fishes nei,Thailand,0.0,29.43453848419701,26.99,35.0
2011,Marine fishes nei,Thailand,168119.0,29.43453848419701,26.99,35.0
2011,Marine fishes nei,Thailand,322555.0,29.43453848419701,26.99,35.0
2011,Common squids nei,Thailand,15102.0,29.43453848419701,26.99,35.0
2011,Common squids nei,Thailand,78387.0,29.43453848419701,26.99,35.0
2012,Marine fishes nei,Cambodia,73180.679,29.541944444444443,27.86,31.5
2012,Stolephorus anchovies nei,Indonesia,80546.0,29.235333961506083,23.2,35.0
2012,Stolephorus anchovies nei,Indonesia,122674.0,29.235333961506083,23.2,35.0
2012,Kawakawa,Indonesia,43489.189,29.235333961506083,23.2,35.0
2012,Kawakawa,Indonesia,122230.0,29.235333961506083,23.2,35.0
2012,Skipjack tuna,Indonesia,89163.335,29.235333961506083,23.2,35.0
2012,Skipjack tuna,Indonesia,279647.0,29.235333961506083,23.2,35.0
2012,Yellowfin tuna,Indonesia,31548.927,29.235333961506083,23.2,35.0
2012,Yellowfin tuna,Indonesia,144745.0,29.235333961506083,23.2,35.0
2012,Scads nei,Indonesia,81939.0,29.235333961506083,23.2,35.0
2012,Scads nei,Indonesia,345571.0,29.235333961506083,23.2,35.0
2012,Short mackerel,Indonesia,96981.0,29.235333961506083,23.2,35.0
2012,Short mackerel,Indonesia,169377.0,29.235333961506083,23.2,35.0
2012,Marine fishes nei,Indonesia,114773.025,29.235333961506083,23.2,35.0
2012,Marine fishes nei,Indonesia,485387.0,29.235333961506083,23.2,35.0
2012,Common squids nei,Indonesia,23933.0,29.235333961506083,23.2,35.0
2012,Common squids nei,Indonesia,116991.0,29.235333961506083,23.2,35.0
2012,Stolephorus anchovies nei,Malaysia,5238.0,29.893287615432595,26.11,35.0
2012,Stolephorus anchovies nei,Malaysia,14214.0,29.893287615432595,26.11,35.0
2012,Kawakawa,Malaysia,10478.181,29.893287615432595,26.11,35.0
2012,Kawakawa,Malaysia,16453.0,29.893287615432595,26.11,35.0
2012,Skipjack tuna,Malaysia,0.0,29.893287615432595,26.11,35.0
2012,Skipjack tuna,Malaysia,3.44,29.893287615432595,26.11,35.0
2012,Skipjack tuna,Malaysia,5520.0,29.893287615432595,26.11,35.0
2012,Yellowfin tuna,Malaysia,103.87,29.893287615432595,26.11,35.0
2012,Yellowfin tuna,Malaysia,0.0,29.893287615432595,26.11,35.0
2012,Yellowfin tuna,Malaysia,1090.0,29.893287615432595,26.11,35.0
2012,Indian mackerels nei,Malaysia,155557.0,29.893287615432595,26.11,35.0
2012,Indian mackerels nei,Malaysia,31633.0,29.893287615432595,26.11,35.0
2012,Marine fishes nei,Malaysia,179764.0,29.893287615432595,26.11,35.0
2012,Marine fishes nei,Malaysia,175111.0,29.893287615432595,26.11,35.0
2012,Marine fishes nei,Myanmar,1090902.0,28.678484890147377,24.07,31.8
2012,Sardinellas nei,Philippines,346938.0,28.79235840616721,22.47,32.67
2012,Stolephorus anchovies nei,Philippines,71165.0,28.79235840616721,22.47,32.67
2012,Kawakawa,Philippines,35807.0,28.79235840616721,22.47,32.67
2012,Skipjack tuna,Philippines,0.0,28.79235840616721,22.47,32.67
2012,Skipjack tuna,Philippines,0.0,28.79235840616721,22.47,32.67
2012,Skipjack tuna,Philippines,139394.0,28.79235840616721,22.47,32.67
2012,Yellowfin tuna,Philippines,11.0,28.79235840616721,22.47,32.67
2012,Yellowfin tuna,Philippines,0.0,28.79235840616721,22.47,32.67
2012,Yellowfin tuna,Philippines,19.0,28.79235840616721,22.47,32.67
2012,Yellowfin tuna,Philippines,5.0,28.79235840616721,22.47,32.67
2012,Yellowfin tuna,Philippines,207.625,28.79235840616721,22.47,32.67
2012,Yellowfin tuna,Philippines,207.625,28.79235840616721,22.47,32.67
2012,Yellowfin tuna,Philippines,85243.0,28.79235840616721,22.47,32.67
2012,Scads nei,Philippines,239003.0,28.79235840616721,22.47,32.67
2012,Short mackerel,Philippines,46572.0,28.79235840616721,22.47,32.67
2012,Marine fishes nei,Philippines,0.0,28.79235840616721,22.47,32.67
2012,Marine fishes nei,Philippines,0.0,28.79235840616721,22.47,32.67
2012,Marine fishes nei,Philippines,14377.0,28.79235840616721,22.47,32.67
2012,Common squids nei,Philippines,54878.0,28.79235840616721,22.47,32.67
2012,Skipjack tuna,Singapore,2.0,30.283636363636365,28.15,32.52
2012,Scads nei,Singapore,45.0,30.283636363636365,28.15,32.52
2012,Indian mackerels nei,Singapore,58.0,30.283636363636365,28.15,32.52
2012,Marine fishes nei,Singapore,399.0,30.283636363636365,28.15,32.52
2012,Common squids nei,Singapore,62.0,30.283636363636365,28.15,32.52
2012,Sardinellas nei,Thailand,13897.0,29.727908575153997,27.13,34.13
2012,Sardinellas nei,Thailand,59428.0,29.727908575153997,27.13,34.13
2012,Kawakawa,Thailand,0.0,29.727908575153997,27.13,34.13
2012,Kawakawa,Thailand,5880.66,29.727908575153997,27.13,34.13
2012,Kawakawa,Thailand,8802.0,29.727908575153997,27.13,34.13
2012,Skipjack tuna,Thailand,0.0,29.727908575153997,27.13,34.13
2012,Skipjack tuna,Thailand,0.0,29.727908575153997,27.13,34.13
2012,Yellowfin tuna,Thailand,81.8,29.727908575153997,27.13,34.13
2012,Yellowfin tuna,Thailand,0.0,29.727908575153997,27.13,34.13
2012,Indian mackerels nei,Thailand,15299.0,29.727908575153997,27.13,34.13
2012,Indian mackerels nei,Thailand,113659.0,29.727908575153997,27.13,34.13
2012,Marine fishes nei,Thailand,19.0,29.727908575153997,27.13,34.13
2012,Marine fishes nei,Thailand,139524.0,29.727908575153997,27.13,34.13
2012,Marine fishes nei,Thailand,338097.0,29.727908575153997,27.13,34.13
2012,Common squids nei,Thailand,13133.0,29.727908575153997,27.13,34.13
2012,Common squids nei,Thailand,66988.0,29.727908575153997,27.13,34.13
2013,Marine fishes nei,Cambodia,78946.424,29.69604166666667,28.15,32.81
2013,Stolephorus anchovies nei,Indonesia,82986.0,29.46567413787701,23.93,34.13
2013,Stolephorus anchovies nei,Indonesia,108108.0,29.46567413787701,23.93,34.13
2013,Kawakawa,Indonesia,50595.0,29.46567413787701,23.93,34.13
2013,Kawakawa,Indonesia,114446.0,29.46567413787701,23.93,34.13
2013,Skipjack tuna,Indonesia,99272.123,29.46567413787701,23.93,34.13
2013,Skipjack tuna,Indonesia,357946.0,29.46567413787701,23.93,34.13
2013,Yellowfin tuna,Indonesia,33557.865,29.46567413787701,23.93,34.13
2013,Yellowfin tuna,Indonesia,147484.0,29.46567413787701,23.93,34.13
2013,Scads nei,Indonesia,77578.0,29.46567413787701,23.93,34.13
2013,Scads nei,Indonesia,290643.0,29.46567413787701,23.93,34.13
2013,Short mackerel,Indonesia,96181.0,29.46567413787701,23.93,34.13
2013,Short mackerel,Indonesia,143035.0,29.46567413787701,23.93,34.13
2013,Marine fishes nei,Indonesia,104066.431,29.46567413787701,23.93,34.13
2013,Marine fishes nei,Indonesia,461235.0,29.46567413787701,23.93,34.13
2013,Common squids nei,Indonesia,35566.0,29.46567413787701,23.93,34.13
2013,Common squids nei,Indonesia,104933.0,29.46567413787701,23.93,34.13
2013,Stolephorus anchovies nei,Malaysia,4753.0,29.920503194731943,26.26,35.0
2013,Stolephorus anchovies nei,Malaysia,15890.0,29.920503194731943,26.26,35.0
2013,Kawakawa,Malaysia,7259.0,29.920503194731943,26.26,35.0
2013,Kawakawa,Malaysia,17947.0,29.920503194731943,26.26,35.0
2013,Skipjack tuna,Malaysia,0.0,29.920503194731943,26.26,35.0
2013,Skipjack tuna,Malaysia,140.0,29.920503194731943,26.26,35.0
2013,Skipjack tuna,Malaysia,9259.0,29.920503194731943,26.26,35.0
2013,Yellowfin tuna,Malaysia,107.493,29.920503194731943,26.26,35.0
2013,Yellowfin tuna,Malaysia,0.0,29.920503194731943,26.26,35.0
2013,Yellowfin tuna,Malaysia,1264.0,29.920503194731943,26.26,35.0
2013,Indian mackerels nei,Malaysia,157049.0,29.920503194731943,26.26,35.0
2013,Indian mackerels nei,Malaysia,33893.0,29.920503194731943,26.26,35.0
2013,Marine fishes nei,Malaysia,169069.237,29.920503194731943,26.26,35.0
2013,Marine fishes nei,Malaysia,155249.0,29.920503194731943,26.26,35.0
2013,Marine fishes nei,Myanmar,1042127.0,28.74826225598936,24.51,31.65
2013,Sardinellas nei,Philippines,323744.0,28.951442368765427,22.76,33.54
2013,Stolephorus anchovies nei,Philippines,68425.0,28.951442368765427,22.76,33.54
2013,Kawakawa,Philippines,36100.0,28.951442368765427,22.76,33.54
2013,Skipjack tuna,Philippines,0.0,28.951442368765427,22.76,33.54
2013,Skipjack tuna,Philippines,0.0,28.951442368765427,22.76,33.54
2013,Skipjack tuna,Philippines,134484.0,28.951442368765427,22.76,33.54
2013,Yellowfin tuna,Philippines,23.0,28.951442368765427,22.76,33.54
2013,Yellowfin tuna,Philippines,0.0,28.951442368765427,22.76,33.54
2013,Yellowfin tuna,Philippines,49.0,28.951442368765427,22.76,33.54
2013,Yellowfin tuna,Philippines,56.0,28.951442368765427,22.76,33.54
2013,Yellowfin tuna,Philippines,187.077,28.951442368765427,22.76,33.54
2013,Yellowfin tuna,Philippines,187.077,28.951442368765427,22.76,33.54
2013,Yellowfin tuna,Philippines,88016.0,28.951442368765427,22.76,33.54
2013,Scads nei,Philippines,276697.0,28.951442368765427,22.76,33.54
2013,Short mackerel,Philippines,43180.0,28.951442368765427,22.76,33.54
2013,Marine fishes nei,Philippines,0.0,28.951442368765427,22.76,33.54
2013,Marine fishes nei,Philippines,0.0,28.951442368765427,22.76,33.54
2013,Marine fishes nei,Philippines,14768.0,28.951442368765427,22.76,33.54
2013,Common squids nei,Philippines,57183.0,28.951442368765427,22.76,33.54
2013,Skipjack tuna,Singapore,3.0,29.910530303030303,27.72,32.23
2013,Scads nei,Singapore,34.0,29.910530303030303,27.72,32.23
2013,Indian mackerels nei,Singapore,43.0,29.910530303030303,27.72,32.23
2013,Marine fishes nei,Singapore,266.0,29.910530303030303,27.72,32.23
2013,Common squids nei,Singapore,40.0,29.910530303030303,27.72,32.23
2013,Sardinellas nei,Thailand,11456.0,29.61328328793008,26.41,34.13
2013,Sardinellas nei,Thailand,60441.0,29.61328328793008,26.41,34.13
2013,Kawakawa,Thailand,0.0,29.61328328793008,26.41,34.13
2013,Kawakawa,Thailand,4710.46,29.61328328793008,26.41,34.13
2013,Kawakawa,Thailand,10757.0,29.61328328793008,26.41,34.13
2013,Skipjack tuna,Thailand,0.0,29.61328328793008,26.41,34.13
2013,Skipjack tuna,Thailand,0.0,29.61328328793008,26.41,34.13
2013,Yellowfin tuna,Thailand,56.719,29.61328328793008,26.41,34.13
2013,Yellowfin tuna,Thailand,0.116,29.61328328793008,26.41,34.13
2013,Indian mackerels nei,Thailand,18094.0,29.61328328793008,26.41,34.13
2013,Indian mackerels nei,Thailand,127206.0,29.61328328793008,26.41,34.13
2013,Marine fishes nei,Thailand,3.0,29.61328328793008,26.41,34.13
2013,Marine fishes nei,Thailand,129631.0,29.61328328793008,26.41,34.13
2013,Marine fishes nei,Thailand,363748.0,29.61328328793008,26.41,34.13
2013,Common squids nei,Thailand,12082.0,29.61328328793008,26.41,34.13
2013,Common squids nei,Thailand,63499.0,29.61328328793008,26.41,34.13
2014,Marine fishes nei,Cambodia,79426.0,29.613229166666667,27.43,32.09
2014,Stolephorus anchovies nei,Indonesia,85634.0,29.284596402849203,24.07,35.0
2014,Stolephorus anchovies nei,Indonesia,113592.0,29.284596402849203,24.07,35.0
2014,Kawakawa,Indonesia,44567.809,29.284596402849203,24.07,35.0
2014,Kawakawa,Indonesia,165011.0,29.284596402849203,24.07,35.0
2014,Skipjack tuna,Indonesia,85799.224,29.284596402849203,24.07,35.0
2014,Skipjack tuna,Indonesia,322841.0,29.284596402849203,24.07,35.0
2014,Yellowfin tuna,Indonesia,25238.895,29.284596402849203,24.07,35.0
2014,Yellowfin tuna,Indonesia,136209.0,29.284596402849203,24.07,35.0
2014,Scads nei,Indonesia,57063.0,29.284596402849203,24.07,35.0
2014,Scads nei,Indonesia,319213.0,29.284596402849203,24.07,35.0
2014,Short mackerel,Indonesia,98398.0,29.284596402849203,24.07,35.0
2014,Short mackerel,Indonesia,171013.0,29.284596402849203,24.07,35.0
2014,Marine fishes nei,Indonesia,80986.4,29.284596402849203,24.07,35.0
2014,Marine fishes nei,Indonesia,590487.0,29.284596402849203,24.07,35.0
2014,Common squids nei,Indonesia,38289.0,29.284596402849203,24.07,35.0
2014,Common squids nei,Indonesia,112334.0,29.284596402849203,24.07,35.0
2014,Stolephorus anchovies nei,Malaysia,5676.0,29.776957525800103,24.95,35.0
2014,Stolephorus anchovies nei,Malaysia,19161.0,29.776957525800103,24.95,35.0
2014,Kawakawa,Malaysia,6643.0,29.776957525800103,24.95,35.0
2014,Kawakawa,Malaysia,22890.0,29.776957525800103,24.95,35.0
2014,Skipjack tuna,Malaysia,0.0,29.776957525800103,24.95,35.0
2014,Skipjack tuna,Malaysia,0.11,29.776957525800103,24.95,35.0
2014,Skipjack tuna,Malaysia,4689.0,29.776957525800103,24.95,35.0
2014,Yellowfin tuna,Malaysia,77.32,29.776957525800103,24.95,35.0
2014,Yellowfin tuna,Malaysia,0.0,29.776957525800103,24.95,35.0
2014,Yellowfin tuna,Malaysia,5783.0,29.776957525800103,24.95,35.0
2014,Indian mackerels nei,Malaysia,157181.0,29.776957525800103,24.95,35.0
2014,Indian mackerels nei,Malaysia,24195.0,29.776957525800103,24.95,35.0
2014,Marine fishes nei,Malaysia,160424.141,29.776957525800103,24.95,35.0
2014,Marine fishes nei,Malaysia,146142.0,29.776957525800103,24.95,35.0
2014,Marine fishes nei,Myanmar,1077905.0,28.842595280013413,24.8,32.52
2014,Sardinellas nei,Philippines,354423.0,28.77359235126966,22.47,32.81
2014,Stolephorus anchovies nei,Philippines,71855.0,28.77359235126966,22.47,32.81
2014,Kawakawa,Philippines,35514.0,28.77359235126966,22.47,32.81
2014,Skipjack tuna,Philippines,0.0,28.77359235126966,22.47,32.81
2014,Skipjack tuna,Philippines,0.0,28.77359235126966,22.47,32.81
2014,Skipjack tuna,Philippines,170444.0,28.77359235126966,22.47,32.81
2014,Yellowfin tuna,Philippines,19.0,28.77359235126966,22.47,32.81
2014,Yellowfin tuna,Philippines,0.0,28.77359235126966,22.47,32.81
2014,Yellowfin tuna,Philippines,57.0,28.77359235126966,22.47,32.81
2014,Yellowfin tuna,Philippines,0.0,28.77359235126966,22.47,32.81
2014,Yellowfin tuna,Philippines,65.502,28.77359235126966,22.47,32.81
2014,Yellowfin tuna,Philippines,65.502,28.77359235126966,22.47,32.81
2014,Yellowfin tuna,Philippines,107890.0,28.77359235126966,22.47,32.81
2014,Scads nei,Philippines,265806.0,28.77359235126966,22.47,32.81
2014,Short mackerel,Philippines,39602.0,28.77359235126966,22.47,32.81
2014,Marine fishes nei,Philippines,0.0,28.77359235126966,22.47,32.81
2014,Marine fishes nei,Philippines,0.0,28.77359235126966,22.47,32.81
2014,Marine fishes nei,Philippines,13571.0,28.77359235126966,22.47,32.81
2014,Common squids nei,Philippines,55693.0,28.77359235126966,22.47,32.81
2014,Skipjack tuna,Singapore,1.0,29.89583333333333,26.41,32.67
2014,Scads nei,Singapore,32.0,29.89583333333333,26.41,32.67
2014,Indian mackerels nei,Singapore,18.0,29.89583333333333,26.41,32.67
2014,Marine fishes nei,Singapore,222.0,29.89583333333333,26.41,32.67
2014,Common squids nei,Singapore,39.0,29.89583333333333,26.41,32.67
2014,Sardinellas nei,Thailand,12786.0,29.731243455843696,25.82,35.0
2014,Sardinellas nei,Thailand,62573.0,29.731243455843696,25.82,35.0
2014,Kawakawa,Thailand,0.0,29.731243455843696,25.82,35.0
2014,Kawakawa,Thailand,5610.1,29.731243455843696,25.82,35.0
2014,Kawakawa,Thailand,11435.0,29.731243455843696,25.82,35.0
2014,Skipjack tuna,Thailand,0.0,29.731243455843696,25.82,35.0
2014,Skipjack tuna,Thailand,0.0,29.731243455843696,25.82,35.0
2014,Yellowfin tuna,Thailand,186.806,29.731243455843696,25.82,35.0
2014,Yellowfin tuna,Thailand,0.0,29.731243455843696,25.82,35.0
2014,Indian mackerels nei,Thailand,16506.0,29.731243455843696,25.82,35.0
2014,Indian mackerels nei,Thailand,128835.0,29.731243455843696,25.82,35.0
2014,Marine fishes nei,Thailand,56.0,29.731243455843696,25.82,35.0
2014,Marine fishes nei,Thailand,111323.0,29.731243455843696,25.82,35.0
2014,Marine fishes nei,Thailand,353220.0,29.731243455843696,25.82,35.0
2014,Common squids nei,Thailand,11991.0,29.731243455843696,25.82,35.0
2014,Common squids nei,Thailand,55696.0,29.731243455843696,25.82,35.0
2015,Marine fishes nei,Cambodia,88189.154,29.63114583333333,27.57,32.38
2015,Stolephorus anchovies nei,Indonesia,88757.0,29.187509741355527,21.74,35.0
2015,Stolephorus anchovies nei,Indonesia,117878.0,29.187509741355527,21.74,35.0
2015,Kawakawa,Indonesia,43807.161,29.187509741355527,21.74,35.0
2015,Kawakawa,Indonesia,160880.0,29.187509741355527,21.74,35.0
2015,Skipjack tuna,Indonesia,84588.704,29.187509741355527,21.74,35.0
2015,Skipjack tuna,Indonesia,263319.0,29.187509741355527,21.74,35.0
2015,Yellowfin tuna,Indonesia,25941.577,29.187509741355527,21.74,35.0
2015,Yellowfin tuna,Indonesia,146020.0,29.187509741355527,21.74,35.0
2015,Scads nei,Indonesia,65000.0,29.187509741355527,21.74,35.0
2015,Scads nei,Indonesia,28914.0,29.187509741355527,21.74,35.0
2015,Short mackerel,Indonesia,104027.0,29.187509741355527,21.74,35.0
2015,Short mackerel,Indonesia,221747.0,29.187509741355527,21.74,35.0
2015,Marine fishes nei,Indonesia,96330.694,29.187509741355527,21.74,35.0
2015,Marine fishes nei,Indonesia,970869.0,29.187509741355527,21.74,35.0
2015,Common squids nei,Indonesia,52651.0,29.187509741355527,21.74,35.0
2015,Common squids nei,Indonesia,168832.0,29.187509741355527,21.74,35.0
2015,Stolephorus anchovies nei,Malaysia,3954.0,29.77065276655672,25.24,35.0
2015,Stolephorus anchovies nei,Malaysia,18139.0,29.77065276655672,25.24,35.0
2015,Kawakawa,Malaysia,8189.0,29.77065276655672,25.24,35.0
2015,Kawakawa,Malaysia,15806.0,29.77065276655672,25.24,35.0
2015,Skipjack tuna,Malaysia,0.0,29.77065276655672,25.24,35.0
2015,Skipjack tuna,Malaysia,1.0,29.77065276655672,25.24,35.0
2015,Skipjack tuna,Malaysia,5750.0,29.77065276655672,25.24,35.0
2015,Yellowfin tuna,Malaysia,144.493,29.77065276655672,25.24,35.0
2015,Yellowfin tuna,Malaysia,0.0,29.77065276655672,25.24,35.0
2015,Yellowfin tuna,Malaysia,2650.0,29.77065276655672,25.24,35.0
2015,Indian mackerels nei,Malaysia,162990.0,29.77065276655672,25.24,35.0
2015,Indian mackerels nei,Malaysia,27098.0,29.77065276655672,25.24,35.0
2015,Marine fishes nei,Malaysia,159034.409,29.77065276655672,25.24,35.0
2015,Marine fishes nei,Malaysia,137527.0,29.77065276655672,25.24,35.0
2015,Marine fishes nei,Myanmar,1067300.0,28.988827217937253,24.66,31.94
2015,Sardinellas nei,Philippines,378897.0,28.7937840549295,22.91,32.96
2015,Stolephorus anchovies nei,Philippines,64007.0,28.7937840549295,22.91,32.96
2015,Kawakawa,Philippines,34671.0,28.7937840549295,22.91,32.96
2015,Skipjack tuna,Philippines,0.0,28.7937840549295,22.91,32.96
2015,Skipjack tuna,Philippines,0.0,28.7937840549295,22.91,32.96
2015,Skipjack tuna,Philippines,146789.0,28.7937840549295,22.91,32.96
2015,Yellowfin tuna,Philippines,0.0,28.7937840549295,22.91,32.96
2015,Yellowfin tuna,Philippines,0.0,28.7937840549295,22.91,32.96
2015,Yellowfin tuna,Philippines,0.0,28.7937840549295,22.91,32.96
2015,Yellowfin tuna,Philippines,0.0,28.7937840549295,22.91,32.96
2015,Yellowfin tuna,Philippines,0.0,28.7937840549295,22.91,32.96
2015,Yellowfin tuna,Philippines,0.0,28.7937840549295,22.91,32.96
2015,Yellowfin tuna,Philippines,94034.0,28.7937840549295,22.91,32.96
2015,Scads nei,Philippines,230586.0,28.7937840549295,22.91,32.96
2015,Short mackerel,Philippines,38881.0,28.7937840549295,22.91,32.96
2015,Marine fishes nei,Philippines,0.0,28.7937840549295,22.91,32.96
2015,Marine fishes nei,Philippines,0.0,28.7937840549295,22.91,32.96
2015,Marine fishes nei,Philippines,12474.0,28.7937840549295,22.91,32.96
2015,Common squids nei,Philippines,52949.0,28.7937840549295,22.91,32.96
2015,Skipjack tuna,Singapore,1.0,30.019166666666667,28.01,33.25
2015,Scads nei,Singapore,47.0,30.019166666666667,28.01,33.25
2015,Indian mackerels nei,Singapore,0.0,30.019166666666667,28.01,33.25
2015,Marine fishes nei,Singapore,142.0,30.019166666666667,28.01,33.25
2015,Common squids nei,Singapore,38.0,30.019166666666667,28.01,33.25
2015,Sardinellas nei,Thailand,10974.0,29.83895854841497,26.26,34.27
2015,Sardinellas nei,Thailand,70077.0,29.83895854841497,26.26,34.27
2015,Kawakawa,Thailand,0.0,29.83895854841497,26.26,34.27
2015,Kawakawa,Thailand,7065.6,29.83895854841497,26.26,34.27
2015,Kawakawa,Thailand,10750.0,29.83895854841497,26.26,34.27
2015,Skipjack tuna,Thailand,0.0,29.83895854841497,26.26,34.27
2015,Skipjack tuna,Thailand,0.0,29.83895854841497,26.26,34.27
2015,Yellowfin tuna,Thailand,107.056,29.83895854841497,26.26,34.27
2015,Yellowfin tuna,Thailand,2.395,29.83895854841497,26.26,34.27
2015,Indian mackerels nei,Thailand,16851.0,29.83895854841497,26.26,34.27
2015,Indian mackerels nei,Thailand,53452.0,29.83895854841497,26.26,34.27
2015,Marine fishes nei,Thailand,0.0,29.83895854841497,26.26,34.27
2015,Marine fishes nei,Thailand,86893.0,29.83895854841497,26.26,34.27
2015,Marine fishes nei,Thailand,319281.0,29.83895854841497,26.26,34.27
2015,Common squids nei,Thailand,9969.0,29.83895854841497,26.26,34.27
2015,Common squids nei,Thailand,58148.0,29.83895854841497,26.26,34.27
2016,Marine fishes nei,Cambodia,88200.0,29.79239583333333,28.59,31.8
2016,Stolephorus anchovies nei,Indonesia,78835.0,29.95907131739048,26.11,35.0
2016,Stolephorus anchovies nei,Indonesia,113007.0,29.95907131739048,26.11,35.0
2016,Kawakawa,Indonesia,41625.647,29.95907131739048,26.11,35.0
2016,Kawakawa,Indonesia,156055.0,29.95907131739048,26.11,35.0
2016,Skipjack tuna,Indonesia,80329.696,29.95907131739048,26.11,35.0
2016,Skipjack tuna,Indonesia,336455.0,29.95907131739048,26.11,35.0
2016,Yellowfin tuna,Indonesia,22653.791,29.95907131739048,26.11,35.0
2016,Yellowfin tuna,Indonesia,160418.0,29.95907131739048,26.11,35.0
2016,Scads nei,Indonesia,75000.0,29.95907131739048,26.11,35.0
2016,Scads nei,Indonesia,52563.0,29.95907131739048,26.11,35.0
2016,Short mackerel,Indonesia,98193.0,29.95907131739048,26.11,35.0
2016,Short mackerel,Indonesia,184913.0,29.95907131739048,26.11,35.0
2016,Marine fishes nei,Indonesia,51018.529,29.95907131739048,26.11,35.0
2016,Marine fishes nei,Indonesia,925855.0,29.95907131739048,26.11,35.0
2016,Common squids nei,Indonesia,45823.0,29.95907131739048,26.11,35.0
2016,Common squids nei,Indonesia,119352.0,29.95907131739048,26.11,35.0
2016,Stolephorus anchovies nei,Malaysia,5148.0,30.085139594501744,25.53,35.0
2016,Stolephorus anchovies nei,Malaysia,30879.0,30.085139594501744,25.53,35.0
2016,Kawakawa,Malaysia,6597.321,30.085139594501744,25.53,35.0
2016,Kawakawa,Malaysia,17687.0,30.085139594501744,25.53,35.0
2016,Skipjack tuna,Malaysia,0.0,30.085139594501744,25.53,35.0
2016,Skipjack tuna,Malaysia,139.558,30.085139594501744,25.53,35.0
2016,Skipjack tuna,Malaysia,3777.0,30.085139594501744,25.53,35.0
2016,Yellowfin tuna,Malaysia,125.99,30.085139594501744,25.53,35.0
2016,Yellowfin tuna,Malaysia,29.815,30.085139594501744,25.53,35.0
2016,Yellowfin tuna,Malaysia,1700.0,30.085139594501744,25.53,35.0
2016,Indian mackerels nei,Malaysia,166394.0,30.085139594501744,25.53,35.0
2016,Indian mackerels nei,Malaysia,26202.0,30.085139594501744,25.53,35.0
2016,Marine fishes nei,Malaysia,179677.378,30.085139594501744,25.53,35.0
2016,Marine fishes nei,Malaysia,141525.0,30.085139594501744,25.53,35.0
2016,Marine fishes nei,Myanmar,1143070.0,29.04151506606568,24.22,32.38
2016,Sardinellas nei,Philippines,361794.0,29.13053102113238,23.2,32.52
2016,Stolephorus anchovies nei,Philippines,55761.0,29.13053102113238,23.2,32.52
2016,Kawakawa,Philippines,36918.0,29.13053102113238,23.2,32.52
2016,Skipjack tuna,Philippines,0.0,29.13053102113238,23.2,32.52
2016,Skipjack tuna,Philippines,0.0,29.13053102113238,23.2,32.52
2016,Skipjack tuna,Philippines,119938.0,29.13053102113238,23.2,32.52
2016,Yellowfin tuna,Philippines,0.0,29.13053102113238,23.2,32.52
2016,Yellowfin tuna,Philippines,0.0,29.13053102113238,23.2,32.52
2016,Yellowfin tuna,Philippines,0.0,29.13053102113238,23.2,32.52
2016,Yellowfin tuna,Philippines,0.0,29.13053102113238,23.2,32.52
2016,Yellowfin tuna,Philippines,0.0,29.13053102113238,23.2,32.52
2016,Yellowfin tuna,Philippines,0.0,29.13053102113238,23.2,32.52
2016,Yellowfin tuna,Philippines,89330.0,29.13053102113238,23.2,32.52
2016,Scads nei,Philippines,217172.0,29.13053102113238,23.2,32.52
2016,Short mackerel,Philippines,38339.0,29.13053102113238,23.2,32.52
2016,Marine fishes nei,Philippines,0.0,29.13053102113238,23.2,32.52
2016,Marine fishes nei,Philippines,0.0,29.13053102113238,23.2,32.52
2016,Marine fishes nei,Philippines,15769.0,29.13053102113238,23.2,32.52
2016,Common squids nei,Philippines,52119.0,29.13053102113238,23.2,32.52
2016,Skipjack tuna,Singapore,0.0,30.52909722222222,28.59,33.11
2016,Scads nei,Singapore,68.0,30.52909722222222,28.59,33.11
2016,Indian mackerels nei,Singapore,0.0,30.52909722222222,28.59,33.11
2016,Marine fishes nei,Singapore,103.0,30.52909722222222,28.59,33.11
2016,Common squids nei,Singapore,34.0,30.52909722222222,28.59,33.11
2016,Sardinellas nei,Thailand,9274.24,29.84307094292468,27.43,35.0
2016,Sardinellas nei,Thailand,63455.2,29.84307094292468,27.43,35.0
2016,Kawakawa,Thailand,9.176,29.84307094292468,27.43,35.0
2016,Kawakawa,Thailand,6220.38,29.84307094292468,27.43,35.0
2016,Kawakawa,Thailand,11265.86,29.84307094292468,27.43,35.0
2016,Skipjack tuna,Thailand,0.0,29.84307094292468,27.43,35.0
2016,Skipjack tuna,Thailand,0.0,29.84307094292468,27.43,35.0
2016,Yellowfin tuna,Thailand,0.0,29.84307094292468,27.43,35.0
2016,Yellowfin tuna,Thailand,0.0,29.84307094292468,27.43,35.0
2016,Indian mackerels nei,Thailand,4462.91,29.84307094292468,27.43,35.0
2016,Indian mackerels nei,Thailand,26657.51,29.84307094292468,27.43,35.0
2016,Marine fishes nei,Thailand,0.0,29.84307094292468,27.43,35.0
2016,Marine fishes nei,Thailand,106699.206,29.84307094292468,27.43,35.0
2016,Marine fishes nei,Thailand,282078.61,29.84307094292468,27.43,35.0
2016,Common squids nei,Thailand,14118.06,29.84307094292468,27.43,35.0
2016,Common squids nei,Thailand,72262.86,29.84307094292468,27.43,35.0
2017,Marine fishes nei,Cambodia,92419.091,29.62608630952381,28.15,31.94
2017,Stolephorus anchovies nei,Indonesia,123860.733,29.483145113756795,23.78,33.98
2017,Stolephorus anchovies nei,Indonesia,168796.196,29.483145113756795,23.78,33.98
2017,Kawakawa,Indonesia,51913.036,29.483145113756795,23.78,33.98
2017,Kawakawa,Indonesia,133250.085,29.483145113756795,23.78,33.98
2017,Skipjack tuna,Indonesia,100290.744,29.483145113756795,23.78,33.98
2017,Skipjack tuna,Indonesia,302158.0,29.483145113756795,23.78,33.98
2017,Yellowfin tuna,Indonesia,27081.393,29.483145113756795,23.78,33.98
2017,Yellowfin tuna,Indonesia,157346.0,29.483145113756795,23.78,33.98
2017,Scads nei,Indonesia,83250.334,29.483145113756795,23.78,33.98
2017,Scads nei,Indonesia,242311.377,29.483145113756795,23.78,33.98
2017,Short mackerel,Indonesia,153363.819,29.483145113756795,23.78,33.98
2017,Short mackerel,Indonesia,150000.0,29.483145113756795,23.78,33.98
2017,Marine fishes nei,Indonesia,47960.32,29.483145113756795,23.78,33.98
2017,Marine fishes nei,Indonesia,351147.004,29.483145113756795,23.78,33.98
2017,Common squids nei,Indonesia,83361.278,29.483145113756795,23.78,33.98
2017,Common squids nei,Indonesia,60393.263,29.483145113756795,23.78,33.98
2017,Stolephorus anchovies nei,Malaysia,4903.0,30.057638829448663,26.26,35.0
2017,Stolephorus anchovies nei,Malaysia,26364.0,30.057638829448663,26.26,35.0
2017,Kawakawa,Malaysia,10541.054,30.057638829448663,26.26,35.0
2017,Kawakawa,Malaysia,20675.0,30.057638829448663,26.26,35.0
2017,Skipjack tuna,Malaysia,16.202,30.057638829448663,26.26,35.0
2017,Skipjack tuna,Malaysia,18.127,30.057638829448663,26.26,35.0
2017,Skipjack tuna,Malaysia,2339.0,30.057638829448663,26.26,35.0
2017,Yellowfin tuna,Malaysia,294.26,30.057638829448663,26.26,35.0
2017,Yellowfin tuna,Malaysia,89.387,30.057638829448663,26.26,35.0
2017,Yellowfin tuna,Malaysia,969.0,30.057638829448663,26.26,35.0
2017,Indian mackerels nei,Malaysia,21847.0,30.057638829448663,26.26,35.0
2017,Indian mackerels nei,Malaysia,21106.0,30.057638829448663,26.26,35.0
2017,Marine fishes nei,Malaysia,176824.712,30.057638829448663,26.26,35.0
2017,Marine fishes nei,Malaysia,144080.0,30.057638829448663,26.26,35.0
2017,Marine fishes nei,Myanmar,1222620.0,28.911392609126988,25.68,32.52
2017,Sardinellas nei,Philippines,325419.0,29.14590056617936,22.76,32.52
2017,Stolephorus anchovies nei,Philippines,50174.0,29.14590056617936,22.76,32.52
2017,Kawakawa,Philippines,37090.0,29.14590056617936,22.76,32.52
2017,Skipjack tuna,Philippines,24.57,29.14590056617936,22.76,32.52
2017,Skipjack tuna,Philippines,119.996,29.14590056617936,22.76,32.52
2017,Skipjack tuna,Philippines,104820.0,29.14590056617936,22.76,32.52
2017,Yellowfin tuna,Philippines,0.0,29.14590056617936,22.76,32.52
2017,Yellowfin tuna,Philippines,0.0,29.14590056617936,22.76,32.52
2017,Yellowfin tuna,Philippines,0.0,29.14590056617936,22.76,32.52
2017,Yellowfin tuna,Philippines,0.0,29.14590056617936,22.76,32.52
2017,Yellowfin tuna,Philippines,8.0,29.14590056617936,22.76,32.52
2017,Yellowfin tuna,Philippines,8.27,29.14590056617936,22.76,32.52
2017,Yellowfin tuna,Philippines,89667.0,29.14590056617936,22.76,32.52
2017,Scads nei,Philippines,188408.0,29.14590056617936,22.76,32.52
2017,Short mackerel,Philippines,35518.0,29.14590056617936,22.76,32.52
2017,Marine fishes nei,Philippines,0.0,29.14590056617936,22.76,32.52
2017,Marine fishes nei,Philippines,0.0,29.14590056617936,22.76,32.52
2017,Marine fishes nei,Philippines,14175.0,29.14590056617936,22.76,32.52
2017,Common squids nei,Philippines,49909.0,29.14590056617936,22.76,32.52
2017,Skipjack tuna,Singapore,1.0,30.34486111111111,28.15,32.23
2017,Scads nei,Singapore,52.0,30.34486111111111,28.15,32.23
2017,Indian mackerels nei,Singapore,0.0,30.34486111111111,28.15,32.23
2017,Marine fishes nei,Singapore,87.0,30.34486111111111,28.15,32.23
2017,Common squids nei,Singapore,32.0,30.34486111111111,28.15,32.23
2017,Sardinellas nei,Thailand,6832.42,29.87560652905074,27.13,35.0
2017,Sardinellas nei,Thailand,65263.35,29.87560652905074,27.13,35.0
2017,Kawakawa,Thailand,13.469,29.87560652905074,27.13,35.0
2017,Kawakawa,Thailand,7399.44,29.87560652905074,27.13,35.0
2017,Kawakawa,Thailand,8859.61,29.87560652905074,27.13,35.0
2017,Skipjack tuna,Thailand,0.0,29.87560652905074,27.13,35.0
2017,Skipjack tuna,Thailand,0.0,29.87560652905074,27.13,35.0
2017,Yellowfin tuna,Thailand,0.0,29.87560652905074,27.13,35.0
2017,Yellowfin tuna,Thailand,0.0,29.87560652905074,27.13,35.0
2017,Indian mackerels nei,Thailand,3604.13,29.87560652905074,27.13,35.0
2017,Indian mackerels nei,Thailand,21654.57,29.87560652905074,27.13,35.0
2017,Marine fishes nei,Thailand,0.0,29.87560652905074,27.13,35.0
2017,Marine fishes nei,Thailand,91132.15,29.87560652905074,27.13,35.0
2017,Marine fishes nei,Thailand,280007.88,29.87560652905074,27.13,35.0
2017,Common squids nei,Thailand,11700.31,29.87560652905074,27.13,35.0
2017,Common squids nei,Thailand,56352.28,29.87560652905074,27.13,35.0
2018,Marine fishes nei,Cambodia,92407.478,29.42587797619048,28.01,31.94
2018,Stolephorus anchovies nei,Indonesia,47296.061,29.34794628486321,23.2,35.0
2018,Stolephorus anchovies nei,Indonesia,118016.449,29.34794628486321,23.2,35.0
2018,Kawakawa,Indonesia,49919.741,29.34794628486321,23.2,35.0
2018,Kawakawa,Indonesia,97585.345,29.34794628486321,23.2,35.0
2018,Skipjack tuna,Indonesia,78926.38,29.34794628486321,23.2,35.0
2018,Skipjack tuna,Indonesia,291441.0,29.34794628486321,23.2,35.0
2018,Yellowfin tuna,Indonesia,22636.461,29.34794628486321,23.2,35.0
2018,Yellowfin tuna,Indonesia,215460.0,29.34794628486321,23.2,35.0
2018,Scads nei,Indonesia,157288.252,29.34794628486321,23.2,35.0
2018,Scads nei,Indonesia,352446.478,29.34794628486321,23.2,35.0
2018,Short mackerel,Indonesia,91646.409,29.34794628486321,23.2,35.0
2018,Short mackerel,Indonesia,133349.726,29.34794628486321,23.2,35.0
2018,Marine fishes nei,Indonesia,343664.766,29.34794628486321,23.2,35.0
2018,Marine fishes nei,Indonesia,766568.422,29.34794628486321,23.2,35.0
2018,Common squids nei,Indonesia,98428.186,29.34794628486321,23.2,35.0
2018,Common squids nei,Indonesia,119866.934,29.34794628486321,23.2,35.0
2018,Stolephorus anchovies nei,Malaysia,5594.0,29.854576531643925,26.41,35.0
2018,Stolephorus anchovies nei,Malaysia,18909.0,29.854576531643925,26.41,35.0
2018,Kawakawa,Malaysia,10769.878,29.854576531643925,26.41,35.0
2018,Kawakawa,Malaysia,13375.0,29.854576531643925,26.41,35.0
2018,Skipjack tuna,Malaysia,9.893,29.854576531643925,26.41,35.0
2018,Skipjack tuna,Malaysia,9.468,29.854576531643925,26.41,35.0
2018,Skipjack tuna,Malaysia,11549.0,29.854576531643925,26.41,35.0
2018,Yellowfin tuna,Malaysia,393.396,29.854576531643925,26.41,35.0
2018,Yellowfin tuna,Malaysia,52.89,29.854576531643925,26.41,35.0
2018,Yellowfin tuna,Malaysia,1430.0,29.854576531643925,26.41,35.0
2018,Indian mackerels nei,Malaysia,27738.0,29.854576531643925,26.41,35.0
2018,Indian mackerels nei,Malaysia,21077.0,29.854576531643925,26.41,35.0
2018,Marine fishes nei,Malaysia,189435.651,29.854576531643925,26.41,35.0
2018,Marine fishes nei,Malaysia,121636.0,29.854576531643925,26.41,35.0
2018,Marine fishes nei,Myanmar,1106578.0,28.839985928571327,24.66,31.94
2018,Sardinellas nei,Philippines,91696.0,28.879526414230497,22.91,33.11
2018,Stolephorus anchovies nei,Philippines,48723.0,28.879526414230497,22.91,33.11
2018,Kawakawa,Philippines,36993.0,28.879526414230497,22.91,33.11
2018,Skipjack tuna,Philippines,0.0,28.879526414230497,22.91,33.11
2018,Skipjack tuna,Philippines,0.0,28.879526414230497,22.91,33.11
2018,Skipjack tuna,Philippines,80566.0,28.879526414230497,22.91,33.11
2018,Yellowfin tuna,Philippines,0.0,28.879526414230497,22.91,33.11
2018,Yellowfin tuna,Philippines,0.0,28.879526414230497,22.91,33.11
2018,Yellowfin tuna,Philippines,0.0,28.879526414230497,22.91,33.11
2018,Yellowfin tuna,Philippines,0.0,28.879526414230497,22.91,33.11
2018,Yellowfin tuna,Philippines,0.0,28.879526414230497,22.91,33.11
2018,Yellowfin tuna,Philippines,0.0,28.879526414230497,22.91,33.11
2018,Yellowfin tuna,Philippines,71606.0,28.879526414230497,22.91,33.11
2018,Scads nei,Philippines,176988.0,28.879526414230497,22.91,33.11
2018,Short mackerel,Philippines,31153.0,28.879526414230497,22.91,33.11
2018,Marine fishes nei,Philippines,0.0,28.879526414230497,22.91,33.11
2018,Marine fishes nei,Philippines,0.0,28.879526414230497,22.91,33.11
2018,Marine fishes nei,Philippines,12678.0,28.879526414230497,22.91,33.11
2018,Common squids nei,Philippines,47327.0,28.879526414230497,22.91,33.11
2018,Skipjack tuna,Singapore,0.0,29.92090277777778,27.57,33.98
2018,Scads nei,Singapore,81.64,29.92090277777778,27.57,33.98
2018,Indian mackerels nei,Singapore,0.0,29.92090277777778,27.57,33.98
2018,Marine fishes nei,Singapore,84.54,29.92090277777778,27.57,33.98
2018,Common squids nei,Singapore,41.5,29.92090277777778,27.57,33.98
2018,Sardinellas nei,Thailand,8197.76,29.711704116765947,26.55,35.0
2018,Sardinellas nei,Thailand,63265.31,29.711704116765947,26.55,35.0
2018,Kawakawa,Thailand,0.0,29.711704116765947,26.55,35.0
2018,Kawakawa,Thailand,5104.0,29.711704116765947,26.55,35.0
2018,Kawakawa,Thailand,12554.91,29.711704116765947,26.55,35.0
2018,Skipjack tuna,Thailand,0.0,29.711704116765947,26.55,35.0
2018,Skipjack tuna,Thailand,0.0,29.711704116765947,26.55,35.0
2018,Yellowfin tuna,Thailand,0.0,29.711704116765947,26.55,35.0
2018,Yellowfin tuna,Thailand,0.0,29.711704116765947,26.55,35.0
2018,Indian mackerels nei,Thailand,6347.95,29.711704116765947,26.55,35.0
2018,Indian mackerels nei,Thailand,11306.95,29.711704116765947,26.55,35.0
2018,Marine fishes nei,Thailand,0.0,29.711704116765947,26.55,35.0
2018,Marine fishes nei,Thailand,120224.22,29.711704116765947,26.55,35.0
2018,Marine fishes nei,Thailand,332129.06,29.711704116765947,26.55,35.0
2018,Common squids nei,Thailand,14913.93,29.711704116765947,26.55,35.0
2018,Common squids nei,Thailand,66964.0,29.711704116765947,26.55,35.0
2019,Marine fishes nei,Cambodia,96382.992,29.88958333333333,28.44,32.23
2019,Sardinellas nei,Indonesia,6271.878,29.098525947937475,21.74,35.0
2019,Sardinellas nei,Indonesia,5959.11,29.098525947937475,21.74,35.0
2019,Stolephorus anchovies nei,Indonesia,5743.597,29.098525947937475,21.74,35.0
2019,Stolephorus anchovies nei,Indonesia,56362.737,29.098525947937475,21.74,35.0
2019,Kawakawa,Indonesia,42415.206,29.098525947937475,21.74,35.0
2019,Kawakawa,Indonesia,87537.11,29.098525947937475,21.74,35.0
2019,Skipjack tuna,Indonesia,128987.336,29.098525947937475,21.74,35.0
2019,Skipjack tuna,Indonesia,297860.0,29.098525947937475,21.74,35.0
2019,Yellowfin tuna,Indonesia,35553.22,29.098525947937475,21.74,35.0
2019,Yellowfin tuna,Indonesia,219178.0,29.098525947937475,21.74,35.0
2019,Scads nei,Indonesia,153568.788,29.098525947937475,21.74,35.0
2019,Scads nei,Indonesia,364947.352,29.098525947937475,21.74,35.0
2019,Indian mackerels nei,Indonesia,74415.391,29.098525947937475,21.74,35.0
2019,Indian mackerels nei,Indonesia,188413.154,29.098525947937475,21.74,35.0
2019,Short mackerel,Indonesia,8617.394,29.098525947937475,21.74,35.0
2019,Short mackerel,Indonesia,14397.239,29.098525947937475,21.74,35.0
2019,Marine fishes nei,Indonesia,60482.744,29.098525947937475,21.74,35.0
2019,Marine fishes nei,Indonesia,240504.061,29.098525947937475,21.74,35.0
2019,Common squids nei,Indonesia,45537.399,29.098525947937475,21.74,35.0
2019,Common squids nei,Indonesia,148761.639,29.098525947937475,21.74,35.0
2019,Stolephorus anchovies nei,Malaysia,7697.48,29.937438101945503,25.09,35.0
2019,Stolephorus anchovies nei,Malaysia,24743.0,29.937438101945503,25.09,35.0
2019,Kawakawa,Malaysia,11248.151,29.937438101945503,25.09,35.0
2019,Kawakawa,Malaysia,14267.381,29.937438101945503,25.09,35.0
2019,Skipjack tuna,Malaysia,13.743,29.937438101945503,25.09,35.0
2019,Skipjack tuna,Malaysia,8.713,29.937438101945503,25.09,35.0
2019,Skipjack tuna,Malaysia,16067.771,29.937438101945503,25.09,35.0
2019,Yellowfin tuna,Malaysia,373.97,29.937438101945503,25.09,35.0
2019,Yellowfin tuna,Malaysia,53.789,29.937438101945503,25.09,35.0
2019,Yellowfin tuna,Malaysia,1457.528,29.937438101945503,25.09,35.0
2019,Indian mackerels nei,Malaysia,29386.023,29.937438101945503,25.09,35.0
2019,Indian mackerels nei,Malaysia,20932.004,29.937438101945503,25.09,35.0
2019,Marine fishes nei,Malaysia,208527.828,29.937438101945503,25.09,35.0
2019,Marine fishes nei,Malaysia,109752.007,29.937438101945503,25.09,35.0
2019,Marine fishes nei,Myanmar,1025505.0,28.92198087262702,24.66,31.94
2019,Sardinellas nei,Philippines,81878.0,28.8518253652032,23.93,33.54
2019,Stolephorus anchovies nei,Philippines,42900.0,28.8518253652032,23.93,33.54
2019,Kawakawa,Philippines,35759.0,28.8518253652032,23.93,33.54
2019,Skipjack tuna,Philippines,0.0,28.8518253652032,23.93,33.54
2019,Skipjack tuna,Philippines,0.0,28.8518253652032,23.93,33.54
2019,Skipjack tuna,Philippines,92551.0,28.8518253652032,23.93,33.54
2019,Yellowfin tuna,Philippines,0.0,28.8518253652032,23.93,33.54
2019,Yellowfin tuna,Philippines,0.0,28.8518253652032,23.93,33.54
2019,Yellowfin tuna,Philippines,0.0,28.8518253652032,23.93,33.54
2019,Yellowfin tuna,Philippines,0.0,28.8518253652032,23.93,33.54
2019,Yellowfin tuna,Philippines,0.0,28.8518253652032,23.93,33.54
2019,Yellowfin tuna,Philippines,0.0,28.8518253652032,23.93,33.54
2019,Yellowfin tuna,Philippines,62335.0,28.8518253652032,23.93,33.54
2019,Scads nei,Philippines,194826.0,28.8518253652032,23.93,33.54
2019,Short mackerel,Philippines,30003.0,28.8518253652032,23.93,33.54
2019,Marine fishes nei,Philippines,0.0,28.8518253652032,23.93,33.54
2019,Marine fishes nei,Philippines,0.0,28.8518253652032,23.93,33.54
2019,Marine fishes nei,Philippines,12613.0,28.8518253652032,23.93,33.54
2019,Common squids nei,Philippines,46946.0,28.8518253652032,23.93,33.54
2019,Skipjack tuna,Singapore,1.172,30.23444444444445,26.84,35.0
2019,Scads nei,Singapore,59.555,30.23444444444445,26.84,35.0
2019,Indian mackerels nei,Singapore,7.0,30.23444444444445,26.84,35.0
2019,Marine fishes nei,Singapore,150.735,30.23444444444445,26.84,35.0
2019,Common squids nei,Singapore,35.461,30.23444444444445,26.84,35.0
2019,Sardinellas nei,Thailand,13387.65,29.96107816893884,27.13,34.27
2019,Sardinellas nei,Thailand,78601.0,29.96107816893884,27.13,34.27
2019,Kawakawa,Thailand,0.0,29.96107816893884,27.13,34.27
2019,Kawakawa,Thailand,6101.0,29.96107816893884,27.13,34.27
2019,Kawakawa,Thailand,13499.75,29.96107816893884,27.13,34.27
2019,Skipjack tuna,Thailand,0.0,29.96107816893884,27.13,34.27
2019,Skipjack tuna,Thailand,0.0,29.96107816893884,27.13,34.27
2019,Yellowfin tuna,Thailand,0.0,29.96107816893884,27.13,34.27
2019,Yellowfin tuna,Thailand,0.0,29.96107816893884,27.13,34.27
2019,Indian mackerels nei,Thailand,4950.71,29.96107816893884,27.13,34.27
2019,Indian mackerels nei,Thailand,19423.2,29.96107816893884,27.13,34.27
2019,Marine fishes nei,Thailand,0.0,29.96107816893884,27.13,34.27
2019,Marine fishes nei,Thailand,112692.54,29.96107816893884,27.13,34.27
2019,Marine fishes nei,Thailand,331475.69,29.96107816893884,27.13,34.27
2019,Common squids nei,Thailand,18575.99,29.96107816893884,27.13,34.27
2019,Common squids nei,Thailand,50810.66,29.96107816893884,27.13,34.27
2020,Marine fishes nei,Cambodia,96735.0,29.84895833333333,28.59,32.38
2020,Sardinellas nei,Indonesia,13117.128,29.63113170866788,24.37,35.0
2020,Sardinellas nei,Indonesia,14573.368,29.63113170866788,24.37,35.0
2020,Stolephorus anchovies nei,Indonesia,6586.462,29.63113170866788,24.37,35.0
2020,Stolephorus anchovies nei,Indonesia,38223.857,29.63113170866788,24.37,35.0
2020,Kawakawa,Indonesia,56325.672,29.63113170866788,24.37,35.0
2020,Kawakawa,Indonesia,91820.747,29.63113170866788,24.37,35.0
2020,Skipjack tuna,Indonesia,116119.426,29.63113170866788,24.37,35.0
2020,Skipjack tuna,Indonesia,258169.0,29.63113170866788,24.37,35.0
2020,Yellowfin tuna,Indonesia,31154.66,29.63113170866788,24.37,35.0
2020,Yellowfin tuna,Indonesia,233452.0,29.63113170866788,24.37,35.0
2020,Scads nei,Indonesia,100076.117,29.63113170866788,24.37,35.0
2020,Scads nei,Indonesia,448583.792,29.63113170866788,24.37,35.0
2020,Indian mackerels nei,Indonesia,94206.411,29.63113170866788,24.37,35.0
2020,Indian mackerels nei,Indonesia,176932.388,29.63113170866788,24.37,35.0
2020,Short mackerel,Indonesia,9723.036,29.63113170866788,24.37,35.0
2020,Short mackerel,Indonesia,17220.277,29.63113170866788,24.37,35.0
2020,Marine fishes nei,Indonesia,21730.065,29.63113170866788,24.37,35.0
2020,Marine fishes nei,Indonesia,147029.623,29.63113170866788,24.37,35.0
2020,Common squids nei,Indonesia,40066.786,29.63113170866788,24.37,35.0
2020,Common squids nei,Indonesia,153517.053,29.63113170866788,24.37,35.0
2020,Stolephorus anchovies nei,Malaysia,5171.121,29.93182056808789,25.53,35.0
2020,Stolephorus anchovies nei,Malaysia,21496.212,29.93182056808789,25.53,35.0
2020,Kawakawa,Malaysia,8054.893,29.93182056808789,25.53,35.0
2020,Kawakawa,Malaysia,12775.477,29.93182056808789,25.53,35.0
2020,Skipjack tuna,Malaysia,3.909,29.93182056808789,25.53,35.0
2020,Skipjack tuna,Malaysia,3.932,29.93182056808789,25.53,35.0
2020,Skipjack tuna,Malaysia,12168.465,29.93182056808789,25.53,35.0
2020,Yellowfin tuna,Malaysia,318.433,29.93182056808789,25.53,35.0
2020,Yellowfin tuna,Malaysia,56.01,29.93182056808789,25.53,35.0
2020,Yellowfin tuna,Malaysia,998.558,29.93182056808789,25.53,35.0
2020,Indian mackerels nei,Malaysia,32708.683,29.93182056808789,25.53,35.0
2020,Indian mackerels nei,Malaysia,17571.493,29.93182056808789,25.53,35.0
2020,Marine fishes nei,Malaysia,198954.213,29.93182056808789,25.53,35.0
2020,Marine fishes nei,Malaysia,111608.253,29.93182056808789,25.53,35.0
2020,Marine fishes nei,Myanmar,1047728.0,29.036724486140912,23.64,33.11
2020,Sardinellas nei,Philippines,55361.31,29.19519711600266,23.49,32.52
2020,Stolephorus anchovies nei,Philippines,37663.26,29.19519711600266,23.49,32.52
2020,Kawakawa,Philippines,34273.26,29.19519711600266,23.49,32.52
2020,Skipjack tuna,Philippines,0.0,29.19519711600266,23.49,32.52
2020,Skipjack tuna,Philippines,0.0,29.19519711600266,23.49,32.52
2020,Skipjack tuna,Philippines,123117.0,29.19519711600266,23.49,32.52
2020,Yellowfin tuna,Philippines,0.0,29.19519711600266,23.49,32.52
2020,Yellowfin tuna,Philippines,0.0,29.19519711600266,23.49,32.52
2020,Yellowfin tuna,Philippines,0.0,29.19519711600266,23.49,32.52
2020,Yellowfin tuna,Philippines,0.0,29.19519711600266,23.49,32.52
2020,Yellowfin tuna,Philippines,0.0,29.19519711600266,23.49,32.52
2020,Yellowfin tuna,Philippines,0.0,29.19519711600266,23.49,32.52
2020,Yellowfin tuna,Philippines,87438.0,29.19519711600266,23.49,32.52
2020,Scads nei,Philippines,208622.62,29.19519711600266,23.49,32.52
2020,Short mackerel,Philippines,28026.64,29.19519711600266,23.49,32.52
2020,Marine fishes nei,Philippines,0.0,29.19519711600266,23.49,32.52
2020,Marine fishes nei,Philippines,0.0,29.19519711600266,23.49,32.52
2020,Marine fishes nei,Philippines,11618.42,29.19519711600266,23.49,32.52
2020,Common squids nei,Philippines,44415.24,29.19519711600266,23.49,32.52
2020,Skipjack tuna,Singapore,0.08,30.47020833333333,28.74,33.98
2020,Scads nei,Singapore,37.06,30.47020833333333,28.74,33.98
2020,Indian mackerels nei,Singapore,0.0,30.47020833333333,28.74,33.98
2020,Marine fishes nei,Singapore,10.45,30.47020833333333,28.74,33.98
2020,Common squids nei,Singapore,4.5,30.47020833333333,28.74,33.98
2020,Sardinellas nei,Thailand,11144.52,29.882104149561677,26.99,35.0
2020,Sardinellas nei,Thailand,64068.71,29.882104149561677,26.99,35.0
2020,Kawakawa,Thailand,0.0,29.882104149561677,26.99,35.0
2020,Kawakawa,Thailand,9509.0,29.882104149561677,26.99,35.0
2020,Kawakawa,Thailand,10716.0,29.882104149561677,26.99,35.0
2020,Skipjack tuna,Thailand,0.0,29.882104149561677,26.99,35.0
2020,Skipjack tuna,Thailand,605.0,29.882104149561677,26.99,35.0
2020,Yellowfin tuna,Thailand,0.0,29.882104149561677,26.99,35.0
2020,Yellowfin tuna,Thailand,0.0,29.882104149561677,26.99,35.0
2020,Indian mackerels nei,Thailand,11336.55,29.882104149561677,26.99,35.0
2020,Indian mackerels nei,Thailand,15225.26,29.882104149561677,26.99,35.0
2020,Marine fishes nei,Thailand,0.0,29.882104149561677,26.99,35.0
2020,Marine fishes nei,Thailand,210440.38,29.882104149561677,26.99,35.0
2020,Marine fishes nei,Thailand,320355.07,29.882104149561677,26.99,35.0
2020,Common squids nei,Thailand,20127.45,29.882104149561677,26.99,35.0
2020,Common squids nei,Thailand,51735.53,29.882104149561677,26.99,35.0
2021,Marine fishes nei,Cambodia,98548.289,29.5403125,27.86,31.21
2021,Sardinellas nei,Indonesia,9033.349,29.66758377272473,24.37,34.27
2021,Sardinellas nei,Indonesia,16704.707,29.66758377272473,24.37,34.27
2021,Stolephorus anchovies nei,Indonesia,15862.059,29.66758377272473,24.37,34.27
2021,Stolephorus anchovies nei,Indonesia,54959.847,29.66758377272473,24.37,34.27
2021,Kawakawa,Indonesia,44953.295,29.66758377272473,24.37,34.27
2021,Kawakawa,Indonesia,101649.292,29.66758377272473,24.37,34.27
2021,Skipjack tuna,Indonesia,132165.081,29.66758377272473,24.37,34.27
2021,Skipjack tuna,Indonesia,272193.0,29.66758377272473,24.37,34.27
2021,Yellowfin tuna,Indonesia,39116.771,29.66758377272473,24.37,34.27
2021,Yellowfin tuna,Indonesia,252049.0,29.66758377272473,24.37,34.27
2021,Scads nei,Indonesia,90357.718,29.66758377272473,24.37,34.27
2021,Scads nei,Indonesia,436815.444,29.66758377272473,24.37,34.27
2021,Indian mackerels nei,Indonesia,102616.475,29.66758377272473,24.37,34.27
2021,Indian mackerels nei,Indonesia,182494.443,29.66758377272473,24.37,34.27
2021,Short mackerel,Indonesia,10606.699,29.66758377272473,24.37,34.27
2021,Short mackerel,Indonesia,17543.266,29.66758377272473,24.37,34.27
2021,Marine fishes nei,Indonesia,3276.66,29.66758377272473,24.37,34.27
2021,Marine fishes nei,Indonesia,179629.928,29.66758377272473,24.37,34.27
2021,Common squids nei,Indonesia,25060.345,29.66758377272473,24.37,34.27
2021,Common squids nei,Indonesia,179277.367,29.66758377272473,24.37,34.27
2021,Stolephorus anchovies nei,Malaysia,3368.0,29.95807808776705,24.8,35.0
2021,Stolephorus anchovies nei,Malaysia,17670.0,29.95807808776705,24.8,35.0
2021,Kawakawa,Malaysia,5849.073,29.95807808776705,24.8,35.0
2021,Kawakawa,Malaysia,11593.0,29.95807808776705,24.8,35.0
2021,Skipjack tuna,Malaysia,0.652,29.95807808776705,24.8,35.0
2021,Skipjack tuna,Malaysia,0.827,29.95807808776705,24.8,35.0
2021,Skipjack tuna,Malaysia,7065.0,29.95807808776705,24.8,35.0
2021,Yellowfin tuna,Malaysia,304.796,29.95807808776705,24.8,35.0
2021,Yellowfin tuna,Malaysia,85.991,29.95807808776705,24.8,35.0
2021,Yellowfin tuna,Malaysia,1000.0,29.95807808776705,24.8,35.0
2021,Indian mackerels nei,Malaysia,23068.0,29.95807808776705,24.8,35.0
2021,Indian mackerels nei,Malaysia,17892.0,29.95807808776705,24.8,35.0
2021,Marine fishes nei,Malaysia,170139.0,29.95807808776705,24.8,35.0
2021,Marine fishes nei,Malaysia,98541.0,29.95807808776705,24.8,35.0
2021,Marine fishes nei,Myanmar,848069.0,29.26533564814815,25.09,32.38
2021,Sardinellas nei,Philippines,47279.15,29.118129891996613,23.49,33.11
2021,Stolephorus anchovies nei,Philippines,34445.44,29.118129891996613,23.49,33.11
2021,Kawakawa,Philippines,34035.85,29.118129891996613,23.49,33.11
2021,Skipjack tuna,Philippines,0.0,29.118129891996613,23.49,33.11
2021,Skipjack tuna,Philippines,0.0,29.118129891996613,23.49,33.11
2021,Skipjack tuna,Philippines,90040.0,29.118129891996613,23.49,33.11
2021,Yellowfin tuna,Philippines,0.0,29.118129891996613,23.49,33.11
2021,Yellowfin tuna,Philippines,0.0,29.118129891996613,23.49,33.11
2021,Yellowfin tuna,Philippines,0.0,29.118129891996613,23.49,33.11
2021,Yellowfin tuna,Philippines,0.0,29.118129891996613,23.49,33.11
2021,Yellowfin tuna,Philippines,0.0,29.118129891996613,23.49,33.11
2021,Yellowfin tuna,Philippines,0.0,29.118129891996613,23.49,33.11
2021,Yellowfin tuna,Philippines,84344.0,29.118129891996613,23.49,33.11
2021,Scads nei,Philippines,188036.33,29.118129891996613,23.49,33.11
2021,Short mackerel,Philippines,27722.31,29.118129891996613,23.49,33.11
2021,Marine fishes nei,Philippines,0.0,29.118129891996613,23.49,33.11
2021,Marine fishes nei,Philippines,0.0,29.118129891996613,23.49,33.11
2021,Marine fishes nei,Philippines,10127.45,29.118129891996613,23.49,33.11
2021,Common squids nei,Philippines,46445.02,29.118129891996613,23.49,33.11
2021,Skipjack tuna,Singapore,0.0,30.230625,27.43,33.25
2021,Scads nei,Singapore,3.65,30.230625,27.43,33.25
2021,Indian mackerels nei,Singapore,7.1,30.230625,27.43,33.25
2021,Marine fishes nei,Singapore,10.7,30.230625,27.43,33.25
2021,Common squids nei,Singapore,14.5,30.230625,27.43,33.25
2021,Sardinellas nei,Thailand,15998.36,29.74812890638388,26.26,33.83
2021,Sardinellas nei,Thailand,39776.65,29.74812890638388,26.26,33.83
2021,Kawakawa,Thailand,0.0,29.74812890638388,26.26,33.83
2021,Kawakawa,Thailand,5916.0,29.74812890638388,26.26,33.83
2021,Kawakawa,Thailand,13727.09,29.74812890638388,26.26,33.83
2021,Skipjack tuna,Thailand,0.0,29.74812890638388,26.26,33.83
2021,Skipjack tuna,Thailand,3997.0,29.74812890638388,26.26,33.83
2021,Yellowfin tuna,Thailand,0.0,29.74812890638388,26.26,33.83
2021,Yellowfin tuna,Thailand,1.0,29.74812890638388,26.26,33.83
2021,Indian mackerels nei,Thailand,12212.03,29.74812890638388,26.26,33.83
2021,Indian mackerels nei,Thailand,19597.53,29.74812890638388,26.26,33.83
2021,Marine fishes nei,Thailand,0.0,29.74812890638388,26.26,33.83
2021,Marine fishes nei,Thailand,115686.94,29.74812890638388,26.26,33.83
2021,Marine fishes nei,Thailand,297111.92,29.74812890638388,26.26,33.83
2021,Common squids nei,Thailand,12625.9,29.74812890638388,26.26,33.83
2021,Common squids nei,Thailand,52489.88,29.74812890638388,26.26,33.83
2022,Marine fishes nei,Cambodia,103475.0,29.603854166666665,28.01,31.8
2022,Sardinellas nei,Indonesia,10456.437,29.625257975648815,24.22,35.0
2022,Sardinellas nei,Indonesia,12275.493,29.625257975648815,24.22,35.0
2022,Stolephorus anchovies nei,Indonesia,14315.566,29.625257975648815,24.22,35.0
2022,Stolephorus anchovies nei,Indonesia,68126.464,29.625257975648815,24.22,35.0
2022,Kawakawa,Indonesia,49190.914,29.625257975648815,24.22,35.0
2022,Kawakawa,Indonesia,107118.019,29.625257975648815,24.22,35.0
2022,Skipjack tuna,Indonesia,143332.564,29.625257975648815,24.22,35.0
2022,Skipjack tuna,Indonesia,263438.0,29.625257975648815,24.22,35.0
2022,Yellowfin tuna,Indonesia,48025.157,29.625257975648815,24.22,35.0
2022,Yellowfin tuna,Indonesia,221818.0,29.625257975648815,24.22,35.0
2022,Scads nei,Indonesia,107882.103,29.625257975648815,24.22,35.0
2022,Scads nei,Indonesia,384514.516,29.625257975648815,24.22,35.0
2022,Indian mackerels nei,Indonesia,109721.492,29.625257975648815,24.22,35.0
2022,Indian mackerels nei,Indonesia,171082.426,29.625257975648815,24.22,35.0
2022,Short mackerel,Indonesia,10367.04,29.625257975648815,24.22,35.0
2022,Short mackerel,Indonesia,17859.886,29.625257975648815,24.22,35.0
2022,Marine fishes nei,Indonesia,4410.436,29.625257975648815,24.22,35.0
2022,Marine fishes nei,Indonesia,226351.459,29.625257975648815,24.22,35.0
2022,Common squids nei,Indonesia,25734.072,29.625257975648815,24.22,35.0
2022,Common squids nei,Indonesia,162990.438,29.625257975648815,24.22,35.0
2022,Stolephorus anchovies nei,Malaysia,2748.0,29.92214755420368,26.55,34.56
2022,Stolephorus anchovies nei,Malaysia,15350.0,29.92214755420368,26.55,34.56
2022,Kawakawa,Malaysia,8236.0,29.92214755420368,26.55,34.56
2022,Kawakawa,Malaysia,13226.0,29.92214755420368,26.55,34.56
2022,Skipjack tuna,Malaysia,1.0,29.92214755420368,26.55,34.56
2022,Skipjack tuna,Malaysia,16.0,29.92214755420368,26.55,34.56
2022,Skipjack tuna,Malaysia,6199.0,29.92214755420368,26.55,34.56
2022,Yellowfin tuna,Malaysia,300.452,29.92214755420368,26.55,34.56
2022,Yellowfin tuna,Malaysia,38.229,29.92214755420368,26.55,34.56
2022,Yellowfin tuna,Malaysia,800.0,29.92214755420368,26.55,34.56
2022,Indian mackerels nei,Malaysia,22765.0,29.92214755420368,26.55,34.56
2022,Indian mackerels nei,Malaysia,16382.0,29.92214755420368,26.55,34.56
2022,Marine fishes nei,Malaysia,173612.0,29.92214755420368,26.55,34.56
2022,Marine fishes nei,Malaysia,107753.0,29.92214755420368,26.55,34.56
2022,Marine fishes nei,Myanmar,973765.0,29.21281753220612,24.37,31.65
2022,Sardinellas nei,Philippines,55610.623,29.180825809531893,24.07,33.11
2022,Stolephorus anchovies nei,Philippines,52993.623,29.180825809531893,24.07,33.11
2022,Kawakawa,Philippines,30668.855,29.180825809531893,24.07,33.11
2022,Skipjack tuna,Philippines,0.0,29.180825809531893,24.07,33.11
2022,Skipjack tuna,Philippines,0.0,29.180825809531893,24.07,33.11
2022,Skipjack tuna,Philippines,82331.0,29.180825809531893,24.07,33.11
2022,Yellowfin tuna,Philippines,0.0,29.180825809531893,24.07,33.11
2022,Yellowfin tuna,Philippines,0.0,29.180825809531893,24.07,33.11
2022,Yellowfin tuna,Philippines,0.0,29.180825809531893,24.07,33.11
2022,Yellowfin tuna,Philippines,0.0,29.180825809531893,24.07,33.11
2022,Yellowfin tuna,Philippines,0.0,29.180825809531893,24.07,33.11
2022,Yellowfin tuna,Philippines,0.0,29.180825809531893,24.07,33.11
2022,Yellowfin tuna,Philippines,62398.0,29.180825809531893,24.07,33.11
2022,Scads nei,Philippines,176597.736,29.180825809531893,24.07,33.11
2022,Short mackerel,Philippines,19552.302,29.180825809531893,24.07,33.11
2022,Marine fishes nei,Philippines,0.0,29.180825809531893,24.07,33.11
2022,Marine fishes nei,Philippines,0.0,29.180825809531893,24.07,33.11
2022,Marine fishes nei,Philippines,16743.379,29.180825809531893,24.07,33.11
2022,Common squids nei,Philippines,57302.61,29.180825809531893,24.07,33.11
2022,Skipjack tuna,Singapore,8.6,29.91944444444444,27.57,34.56
2022,Scads nei,Singapore,7.6,29.91944444444444,27.57,34.56
2022,Indian mackerels nei,Singapore,10.0,29.91944444444444,27.57,34.56
2022,Marine fishes nei,Singapore,0.0,29.91944444444444,27.57,34.56
2022,Common squids nei,Singapore,14.4,29.91944444444444,27.57,34.56
2022,Sardinellas nei,Thailand,17360.7,29.77056478070715,27.28,33.11
2022,Sardinellas nei,Thailand,60840.61,29.77056478070715,27.28,33.11
2022,Kawakawa,Thailand,0.0,29.77056478070715,27.28,33.11
2022,Kawakawa,Thailand,6166.0,29.77056478070715,27.28,33.11
2022,Kawakawa,Thailand,13053.07,29.77056478070715,27.28,33.11
2022,Skipjack tuna,Thailand,0.0,29.77056478070715,27.28,33.11
2022,Skipjack tuna,Thailand,4312.0,29.77056478070715,27.28,33.11
2022,Yellowfin tuna,Thailand,0.0,29.77056478070715,27.28,33.11
2022,Yellowfin tuna,Thailand,6.0,29.77056478070715,27.28,33.11
2022,Indian mackerels nei,Thailand,13120.35,29.77056478070715,27.28,33.11
2022,Indian mackerels nei,Thailand,35707.92,29.77056478070715,27.28,33.11
2022,Marine fishes nei,Thailand,0.0,29.77056478070715,27.28,33.11
2022,Marine fishes nei,Thailand,118815.05,29.77056478070715,27.28,33.11
2022,Marine fishes nei,Thailand,334178.77,29.77056478070715,27.28,33.11
2022,Common squids nei,Thailand,7003.78,29.77056478070715,27.28,33.11
2022,Common squids nei,Thailand,63612.32,29.77056478070715,27.28,33.11
